Episode time step,Episode number,Episode reward,Mean Q value,Std Q value,Cv Q value,Mean loss
23,1,23.0,0.9054784734287987,0.4417624597442107,0.4878773739052872,0.23236001448948745
35,2,12.0,1.0155200809240341,0.0853519898748428,0.08404756486664447,0.010075392575042011
47,3,12.0,0.9825442185004553,0.0906000048746138,0.09220959542450538,0.006424986965915498
59,4,12.0,1.0808858772118886,0.020651479224499024,0.01910606814270612,0.0020594897020297744
89,5,30.0,0.9992159187793732,0.02084143149454561,0.020857785692611045,0.00037587114808654103
106,6,17.0,0.9844923720640295,0.00939123041206256,0.009539160158624136,0.00015295474761788843
123,7,17.0,1.022265613079071,0.022541807906059995,0.022050832599331903,0.00014048359726610428
148,8,25.0,1.0065637755393981,0.011850692318765814,0.01177341427016411,8.453887363430113e-05
168,9,20.0,1.0158257901668548,0.01827953180624384,0.017994750658221946,7.613072721142089e-05
205,10,37.0,0.9958052184130695,0.010409972056581883,0.010453823563177722,6.527452756386451e-05
256,11,51.0,1.0036394303920222,0.012800796884521475,0.012754378212822383,5.072735567570335e-05
268,12,12.0,1.0262639423211415,0.007775413347352413,0.007576426518276043,4.342652315851107e-05
331,13,63.0,1.0028234644541665,0.016207293838985705,0.016161661960918797,3.767249537694235e-05
367,14,36.0,1.0118749737739563,0.015635506926998725,0.015452014658178071,4.001806193324834e-05
416,15,49.0,0.9939982246379463,0.013381586722040657,0.013462384932241467,3.1234759837982945e-05
435,16,19.0,0.9886023308101454,0.01610641164673627,0.0162921036545982,2.0641609473003835e-05
459,17,24.0,1.0214290122191112,0.028056785447007217,0.0274681697028091,3.565633380731015e-05
484,18,25.0,0.992282018661499,0.00986953154238646,0.009946296876063106,2.5468117000855274e-05
499,19,15.0,1.0243070363998412,0.019880028773218202,0.019408271218258014,3.0368953169575737e-05
543,20,44.0,0.9875881482254375,0.018011576637467764,0.01823794328620907,2.2875726653058916e-05
557,21,14.0,0.9834181112902505,0.01347958907616245,0.013706874951161055,2.5074597942875698e-05
570,22,13.0,1.0235877128747792,0.011004233345906483,0.010750650098173548,2.1942339082250746e-05
583,23,13.0,1.0283666574037993,0.01608006175929112,0.015636506340925744,2.4073534055227916e-05
618,24,35.0,0.9953418459211077,0.00974013748014612,0.009785720875758436,2.2008622447953843e-05
641,25,23.0,1.011197636956754,0.013081043749263475,0.012936189001223817,1.7340756634755803e-05
659,26,18.0,0.9900418784883287,0.005472955263522144,0.00552800379705015,3.304244417752974e-05
678,27,19.0,1.0088142784018266,0.01056826351296557,0.010475925786565905,2.6168236457267897e-05
705,28,27.0,1.0066308312945895,0.00974966620941119,0.009685443666445737,2.1283377725046227e-05
725,29,20.0,1.0122207909822465,0.0076155044436184505,0.007523560582299894,1.6351501358258247e-05
742,30,17.0,1.0173441101523006,0.013544909607685902,0.013313990293469309,1.6330016866477844e-05
770,31,28.0,0.9911725052765438,0.014514410549537123,0.014643677535715646,2.675821999836054e-05
789,32,19.0,0.9886277568967718,0.011686188793206626,0.01182061570867552,1.5358360937362275e-05
806,33,17.0,0.9897174063850852,0.004894604494096787,0.004945456614706001,1.4850488816912676e-05
818,34,12.0,0.9765598674615225,0.013167675271750055,0.013483735826640322,1.4501581669416433e-05
836,35,18.0,1.013904826508628,0.012076238849606862,0.011910623693538654,1.5486034246552866e-05
856,36,20.0,0.9951558202505112,0.006485432503922437,0.006517002033199037,2.364992956813694e-05
883,37,27.0,0.9911846408137569,0.015320209391247275,0.015456463670249644,2.2600346276838672e-05
891,38,8.0,1.0452513098716736,0.018014888172340236,0.01723498263259956,2.3188074010249693e-05
913,39,22.0,0.9967565699057146,0.00943184996069504,0.009462541051108617,2.2675270615350613e-05
969,40,56.0,1.0150226343955313,0.018096889560700224,0.017829050257068726,1.5055611827717388e-05
985,41,16.0,1.02122438326478,0.012286646284056506,0.012031289582781985,1.5582684724790852e-05
1007,42,22.0,1.2422759560021488,0.4531724175958184,0.36479207007612285,0.11704953067504159
1029,43,22.0,2.023455251346935,0.28617264728813757,0.14142771237349758,0.11702898365911096
1043,44,14.0,1.8943209137235368,0.07945714576369727,0.04194492347524887,0.05496424975405846
1062,45,19.0,1.95995032787323,0.05990373053617233,0.030563902403166882,0.0464333320437857
1075,46,13.0,1.9838659396538367,0.0225921672280056,0.011387950554737429,0.05342821590602398
1098,47,23.0,1.9655600216077722,0.0292885557216708,0.014900870693184732,0.04418718857366754
1115,48,17.0,1.9662275314331055,0.02035261630554734,0.010351099239625194,0.05537933991838466
1148,49,33.0,1.9456637194662383,0.03239940137561172,0.016652107479549434,0.04980115314890898
1159,50,11.0,1.9726544185118242,0.025560279538216983,0.01295730225139978,0.04410002080046318
1191,51,32.0,1.9504740051925182,0.02487535214604337,0.012753490730879077,0.04727935921255266
1207,52,16.0,1.9573697298765182,0.044164083168235606,0.022562974431520263,0.039604516907274956
1225,53,18.0,1.9357866644859314,0.0228944306850385,0.011826938941703247,0.05226978278693019
1235,54,10.0,1.966216540336609,0.03690711662267917,0.018770626665749038,0.03133375812903978
1257,55,22.0,1.9646914655512029,0.041978284472041154,0.02136634947933871,0.02925044741740831
1277,56,20.0,1.964094913005829,0.03634047661995935,0.01850240351386293,0.03699714823633258
1289,57,12.0,1.9514407118161519,0.045552830700127174,0.02334317943881186,0.04541274222234885
1303,58,14.0,1.9818472351346696,0.016165591530093063,0.00815683027607049,0.03350534470519051
1323,59,20.0,1.9657081007957458,0.016583204836752328,0.008436249934585515,0.045012287818826734
1332,60,9.0,2.0083743731180825,0.021804812729900685,0.010856946305308523,0.040694230249048106
1358,61,26.0,1.9481143859716563,0.034142736387836374,0.017526042943729447,0.04314130323921116
1389,62,31.0,1.9602068970280309,0.018527332568002344,0.009451722976841156,0.0486152273257293
1403,63,14.0,1.9729597313063485,0.01979221004129559,0.010031735431412302,0.05317306185939482
1412,64,9.0,1.9789413213729858,0.015858693242316552,0.008013725859902617,0.046638295597707234
1429,65,17.0,1.9315413797602934,0.02311409893779223,0.011966659984608104,0.05276579935761059
1444,66,15.0,1.945802958806356,0.046079251846592534,0.023681355626501692,0.04640970635227859
1458,67,14.0,1.9649828672409058,0.04754566445382052,0.02419647786577441,0.04835964096024067
1520,68,62.0,1.9115408370571751,0.050401206997823286,0.026366795843826254,0.04715468207629578
1532,69,12.0,1.9918795824050903,0.010723272413873074,0.005383494317927233,0.04502981526699538
1567,70,35.0,1.9639880418777467,0.030743634828104684,0.0156536771979075,0.045471788849681616
1585,71,18.0,1.9705728093783061,0.026813196478078383,0.013606803235317983,0.037353310119619385
1613,72,28.0,1.9488393366336823,0.021099031583793972,0.010826460235680216,0.0464016112673562
1638,73,25.0,1.9479612731933593,0.026717045566700348,0.01371538845990618,0.04855042553972453
1686,74,48.0,1.936112826069196,0.026242432374767973,0.013554185490339847,0.04322968421062493
1698,75,12.0,1.932634989420573,0.020060281297085886,0.01037975686402128,0.028639485778209444
1774,76,76.0,1.9682683991758447,0.03796837434274386,0.019290242305694698,0.04844810860001752
1800,77,26.0,1.9519130770976727,0.013318463290762026,0.006823287085388781,0.04414237403901867
1828,78,28.0,1.9455678973879134,0.04052745843582884,0.020830657460086756,0.044709665199791616
1872,79,44.0,1.998951716856523,0.03907355902993524,0.01954702492333375,0.031346996778500565
1887,80,15.0,1.9665810267130535,0.03348536948022019,0.017027200519770948,0.04059390711166391
1902,81,15.0,1.9549275000890096,0.04759383795414829,0.024345576985326207,0.03582414250219396
1916,82,14.0,1.9773310763495309,0.03418568227030302,0.01728880038309783,0.04934737171944497
1949,83,33.0,1.9702308503064243,0.047984856797001395,0.02435494134585216,0.04839308033908971
1965,84,16.0,1.975640945136547,0.03585292155991958,0.018147488615367604,0.03404991622119269
1984,85,19.0,1.959616221879658,0.016626674366495415,0.008484658465700574,0.04774261251288025
2017,86,33.0,2.3717278747847588,0.5247415173990713,0.22124861919358818,0.21923255478384707
2045,87,28.0,2.776621946266719,0.15157398987810558,0.05458935094923634,0.1926537332973177
2056,88,11.0,2.876364968039773,0.037096347696137504,0.012896954353264309,0.12238372467585247
2081,89,25.0,2.8162391567230225,0.021728039122882504,0.007715267743157603,0.16084714073687792
2103,90,22.0,2.809940804134716,0.02846070771996832,0.01012857910675183,0.14956762368621473
2125,91,22.0,2.8025761409239336,0.07317560185792156,0.02611012089534079,0.16582945578424682
2158,92,33.0,2.8000551064809165,0.053042862573125876,0.018943506665406187,0.17882346174376312
2180,93,22.0,2.8176275925202803,0.05936461315580171,0.021069006178599317,0.14897963124729524
2264,94,84.0,2.8509656219255355,0.04371073329352498,0.01533190472637227,0.13577822179372778
2294,95,30.0,2.8074264605840047,0.04283705231949365,0.01525847708601515,0.1727392195452315
2329,96,35.0,2.782655784061977,0.047985371372648786,0.01724445101959475,0.20556161137563841
2342,97,13.0,2.8209393941439114,0.03243244609845964,0.011497037535009547,0.13546107797167048
2360,98,18.0,2.8474989334742227,0.03676508984555712,0.012911362112680468,0.09903127142347835
2381,99,21.0,2.8316868600391207,0.025043276604784413,0.008843942795439758,0.1551907009312085
2396,100,15.0,2.82793763478597,0.043583408810799945,0.015411729125383813,0.166782953714331
2419,101,23.0,2.788255028102709,0.06234138798210903,0.02235856740282819,0.18528930948156377
2437,102,18.0,2.8111362589730158,0.027111150318169547,0.009644196446057006,0.14065965743631953
2455,103,18.0,2.8022022909588284,0.027132708237764525,0.009682637233331409,0.15770364469952053
2495,104,40.0,2.8385641872882843,0.04020628743966439,0.014164304481722486,0.12154192212619819
2516,105,21.0,2.8187337943485806,0.04143369158595332,0.014699398598415285,0.14705642203002103
2539,106,23.0,2.835656788038171,0.04261771561910182,0.015029222083179743,0.1214917490971224
2554,107,15.0,2.8438494841257733,0.044516335729132064,0.015653548465775016,0.12010814354289323
2564,108,10.0,2.8090758323669434,0.021700390708209356,0.00772509964244165,0.16447268603369594
2576,109,12.0,2.880218505859375,0.04127078935311459,0.01432904804588795,0.12147219627998614
2604,110,28.0,2.788483738899231,0.05758808820661486,0.020652115486012507,0.18720508506521583
2638,111,34.0,2.7833648569443645,0.04911055581643643,0.01764431123498161,0.18138695998555598
2647,112,9.0,2.8589369455973306,0.01971711306619791,0.006896658947502014,0.12067793616248916
2672,113,25.0,2.841455202102661,0.05251740233411505,0.018482572695586567,0.13970556950196625
2704,114,32.0,2.8374984711408615,0.036713209122351105,0.012938582873523091,0.15383590170677053
2719,115,15.0,2.8029696464538576,0.04749630237301098,0.016944993476151388,0.14311038858916922
2729,116,10.0,2.813548040390015,0.043093396438208406,0.015316389064476322,0.14620176721364259
2753,117,24.0,2.8231661915779114,0.06285700214428633,0.022264719070312532,0.16353379160288264
2769,118,16.0,2.8193641006946564,0.01754562686234224,0.006223256818095689,0.16360141373297665
2789,119,20.0,2.820641827583313,0.07336016836957615,0.02600832464873079,0.11071975873346673
2829,120,40.0,2.8047808945178985,0.043208213059795365,0.015405200864084692,0.1715755738550797
2873,121,44.0,2.8156139037825842,0.04267046793540102,0.01515494289827031,0.1736318890206431
2892,122,19.0,2.797770700956646,0.0448805534899075,0.016041541029277854,0.18337172909492724
2914,123,22.0,2.8428624760020864,0.05419421689286812,0.01906325661207551,0.11680820795167661
2933,124,19.0,2.8181085084614,0.035968946869915495,0.01276350671449249,0.12252452548005079
2958,125,25.0,2.8269603729248045,0.03343346983461829,0.011826649625098088,0.13755784551613032
2968,126,10.0,2.797633171081543,0.016289727840389196,0.005822681832905104,0.13307908438146115
3001,127,33.0,2.8349866650321265,0.046645422212352246,0.01645348910726663,0.19035295011814346
3014,128,13.0,3.841777673134437,0.48393634402176683,0.12596677507028456,0.49545466670623195
3029,129,15.0,3.551450554529826,0.15344892124818096,0.04320739339942632,0.39815888836358987
3046,130,17.0,3.731677363900577,0.18147036781067752,0.04862970458437318,0.30182103670256977
3060,131,14.0,3.7832071099962508,0.1339510030323468,0.03540673273699772,0.3330174332534495
3072,132,12.0,3.7335339188575745,0.11837121850124402,0.0317048729364335,0.21935663205901315
3111,133,39.0,3.7137683843955016,0.06670350604199557,0.01796113788955448,0.31211107551382905
3127,134,16.0,3.708681106567383,0.06867639768287245,0.01851774140441985,0.3620471346657723
3144,135,17.0,3.7195546486798454,0.05450281445321875,0.014653048442926638,0.3167343335089219
3185,136,41.0,3.662015100804771,0.052180857540152954,0.014249219651957632,0.39727473749620157
3195,137,10.0,3.658848023414612,0.03253068696645109,0.008890964248384358,0.2888228416442871
3219,138,24.0,3.710920989513397,0.05328572040121149,0.014359163278277907,0.30183435666064423
3233,139,14.0,3.7002083574022566,0.07885361985183166,0.021310589089959003,0.37597111745604445
3260,140,27.0,3.7092774267549866,0.06454620423978269,0.01740128785574556,0.30624315310355826
3278,141,18.0,3.6770145495732627,0.04449303249279186,0.012100314505950354,0.359351613248388
3291,142,13.0,3.7029007764963002,0.0909500967861809,0.024561850904424788,0.46675905929161954
3304,143,13.0,3.6832490150745096,0.07546885364209838,0.02048975057978036,0.3136460350539822
3316,144,12.0,3.7372801899909973,0.08357562650998572,0.02236268683675736,0.3086894400087961
3331,145,15.0,3.7121166706085207,0.04805068466573087,0.012944281909613041,0.23068906351303062
3346,146,15.0,3.669094117482503,0.04394641835712594,0.011977457364129746,0.3216188461830219
3378,147,32.0,3.7129332944750786,0.04142379160560468,0.011156621549663749,0.3437428387842374
3402,148,24.0,3.681346038977305,0.037397373627148525,0.010158614058877684,0.3572410761068265
3418,149,16.0,3.747955307364464,0.06295907303620392,0.016798245409301932,0.3301778481782094
3431,150,13.0,3.6826932980464053,0.03659379002059615,0.009936692268131158,0.3001261096662627
3465,151,34.0,3.7084372955210068,0.06769338044097802,0.018253882982661465,0.32220075758660266
3475,152,10.0,3.6077900886535645,0.045338834843151085,0.012566927046487797,0.39485565572977066
3504,153,29.0,3.739958171186776,0.07017909707946512,0.018764674327145126,0.2947656213549761
3525,154,21.0,3.7448815958840505,0.0915301424589903,0.02444139824329556,0.29280010756615193
3538,155,13.0,3.6257562820728007,0.05111469699807127,0.014097664879132369,0.3705384352316077
3552,156,14.0,3.79324049609048,0.05093140145735556,0.01342688435121586,0.2299063809748207
3569,157,17.0,3.666456601198982,0.08114101138523609,0.02213063461836746,0.4121294376604697
3592,158,23.0,3.7072186055390732,0.04362863378778224,0.011768562480398462,0.3144816861528417
3618,159,26.0,3.709414161168612,0.08127139739944104,0.02190949672059195,0.287250569119351
3632,160,14.0,3.638772572789873,0.020138593701525497,0.005534446931945816,0.48494688022349564
3644,161,12.0,3.61042191584905,0.037719694867436815,0.010447447901270123,0.4506068617726366
3673,162,29.0,3.710076332092285,0.027829266965141736,0.007500995794727359,0.2992558620452624
3689,163,16.0,3.6486486941576004,0.04770130353593897,0.013073690435672991,0.39083515270613134
3706,164,17.0,3.7085497659795426,0.0494768246084367,0.013341286413981381,0.31365741912604256
3726,165,20.0,3.7360591173171995,0.03963453376731802,0.01060864738023174,0.3120543164899573
3751,166,25.0,3.7004364109039307,0.05525881750844171,0.014933054205610105,0.354682874456048
3786,167,35.0,3.6829472133091516,0.044973161128897626,0.01221118808501438,0.37020760298307454
3795,168,9.0,3.7366003460354276,0.058985580583580687,0.015785894963630514,0.2453364608809352
3810,169,15.0,3.6601401964823403,0.0499685976813237,0.013652099372954932,0.41249941984812416
3839,170,29.0,3.663555827634088,0.07017270431962391,0.019154260947878393,0.38580891085339003
3887,171,48.0,3.7226140250762305,0.07193856064455202,0.019324743355061874,0.3516692726019149
3925,172,38.0,3.671513130790309,0.06848470830169374,0.018652992883877312,0.39164391038694274
3980,173,55.0,3.676526247371327,0.08978381800427204,0.024420828783275086,0.3225886385231702
3996,174,16.0,3.7155996412038803,0.01403340706727469,0.003776888906881197,0.4011616699863225
4035,175,39.0,4.282270260346242,0.39079226349395474,0.09125819710929625,0.583530725290378
4052,176,17.0,4.456594719606287,0.06804625967480735,0.01526866676376146,0.48744779211633343
4067,177,15.0,4.347151883443197,0.04522939082053979,0.010404373261675754,0.5350371981660526
4106,178,39.0,4.435880807729868,0.09090021770848183,0.020492033408580575,0.49774713647172736
4150,179,44.0,4.3878221836957065,0.07019445082135083,0.015997560494174022,0.564601858209988
4181,180,31.0,4.3823314482165925,0.04648589847984736,0.010607572482625656,0.6341146564772052
4196,181,15.0,4.348498153686523,0.0821078126885656,0.01888187824547128,0.6805380947887898
4250,182,54.0,4.392301859679045,0.08065392218290245,0.01836256358500734,0.5166570756377445
4261,183,11.0,4.479283939708363,0.06805428905516453,0.015193117911519448,0.4892954947426915
4274,184,13.0,4.465619233938364,0.045150789593682274,0.010110756701005703,0.4227046530263928
4285,185,11.0,4.423609993674538,0.05319549470316134,0.012025358198219843,0.42081107978116383
4315,186,30.0,4.493577734629313,0.06998136561976197,0.015573640816416167,0.29836189666069307
4358,187,43.0,4.451474167579828,0.061510229315626816,0.013817945920838313,0.4689979843502908
4401,188,43.0,4.381726852683133,0.12067639175952274,0.02754082940738924,0.5711992678779372
4461,189,60.0,4.418766991297404,0.09793580385459497,0.02216360447325597,0.5356884763420869
4501,190,40.0,4.40681699514389,0.07187021559245359,0.01630887229300678,0.5684744633734227
4526,191,25.0,4.341206741333008,0.03561260744030047,0.008203388956630359,0.7213421022891998
4546,192,20.0,4.3686634540557865,0.09225366134203802,0.021117136239091942,0.6983638644218445
4601,193,55.0,4.391385286504572,0.09933966254893176,0.022621486402985044,0.5596556131473996
4623,194,22.0,4.401884187351573,0.07318091674508863,0.01662490734203493,0.6051021559502591
4659,195,36.0,4.433061692449781,0.0981717572193046,0.022145362286860776,0.42573188902557985
4726,196,67.0,4.415035582300442,0.0857706907270122,0.019426953447637136,0.5434998640053864
4760,197,34.0,4.419651774799123,0.07309480370856083,0.0165385888828047,0.5996315529200194
4795,198,35.0,4.426164122990199,0.11067290495981268,0.025004247896041637,0.4453492894369577
4821,199,26.0,4.448073368806106,0.02884528564969419,0.006484894303224245,0.4856559380960579
4840,200,19.0,4.389091140345523,0.04853773866934606,0.011058721980770948,0.4836674249289851
4857,201,17.0,4.487152211806354,0.06168241240675371,0.01374644975146113,0.4706552655792193
4878,202,21.0,4.359638123285203,0.05684619990020564,0.01303920148706499,0.4776424390175158
4903,203,25.0,4.416203460693359,0.0567218186057283,0.012844022951067291,0.6116027562320232
4928,204,25.0,4.415255222320557,0.074707564137451,0.016920327450105233,0.5373155795037746
4941,205,13.0,4.43714820421659,0.09215491266053924,0.02076895078081122,0.359752089322473
4956,206,15.0,4.478355503082275,0.02788662160574269,0.0062269780919691235,0.3865332489212354
4989,207,33.0,4.416905663230202,0.03307571931331322,0.007488436891161505,0.5519588122313673
5017,208,28.0,4.806653669902256,0.48404315672678133,0.1007027320810955,0.8754032571201346
5036,209,19.0,5.085726461912456,0.1910971716833732,0.03757519660455987,0.5609492194887838
5048,210,12.0,5.2035209735234575,0.24299543934720122,0.046698272301314826,0.9304899026950201
5112,211,64.0,5.156089328229427,0.13466263640116832,0.026117203917297285,0.6971199378349411
5131,212,19.0,5.107095015676398,0.06079317599914632,0.011903670445241306,0.8234644616512876
5157,213,26.0,5.1804965275984545,0.05689154722058476,0.01098187150932388,0.6121343359207878
5167,214,10.0,5.2260026931762695,0.09859820755932922,0.01886684974121263,0.6773843043483794
5200,215,33.0,5.1320741826837715,0.13147652270929766,0.025618593580138627,0.7673795642331243
5208,216,8.0,5.036384582519531,0.05145122346428682,0.010215904409457853,0.7172501785680652
5226,217,18.0,5.123482121361627,0.1087941485211209,0.021234415568177598,0.7300506461825635
5252,218,26.0,5.21319814828726,0.12618350409111598,0.024204624589719885,0.6107929408384595
5309,219,57.0,5.130725224812825,0.08766645510837545,0.017086562087638132,0.7942521474201625
5343,220,34.0,5.163992923848769,0.04927550454508262,0.00954213246836852,0.8072972537620979
5360,221,17.0,5.056151979109821,0.058099710867322144,0.011490894875662164,0.9780090801856097
5383,222,23.0,5.149978202322255,0.07984480152050047,0.015503910576649904,0.7121690859532227
5396,223,13.0,5.119739495790922,0.03421342165511535,0.006682648928376754,0.7759873728052928
5427,224,31.0,5.1165578442235145,0.04086842650761528,0.007987484506552558,0.7749458940759781
5463,225,36.0,5.151629646619161,0.10453408967693867,0.020291460537257534,0.7342402475834306
5477,226,14.0,5.196993010384696,0.105468222891576,0.020294085961021707,0.46079997392787064
5492,227,15.0,5.169564660390218,0.12114396530891518,0.02343407487232605,0.6139929996803403
5511,228,19.0,5.1802984036897355,0.0387149188061052,0.007473492024808839,0.5689537917802993
5543,229,32.0,5.16882686316967,0.12455290972289838,0.024096939793127263,0.8759266773122363
5564,230,21.0,5.176556064969017,0.10617550055494376,0.02051083755732089,0.5846256481738583
5575,231,11.0,5.063727378845215,0.07762078049356017,0.015328783460546728,0.7660967707633972
5617,232,42.0,5.148367722829183,0.06001279931665756,0.011656665286464566,0.6993095751358418
5631,233,14.0,5.157499211175101,0.1362153024095781,0.02641111454063458,0.6493047413283161
5652,234,21.0,5.121482803708031,0.10201798132197233,0.01991961805438647,0.6976750182608763
5667,235,15.0,5.1852114995320635,0.07948498020443613,0.01532916838813792,0.645274458018442
5684,236,17.0,5.120197099797866,0.09338559476859468,0.01823867186133935,0.7354742454036194
5700,237,16.0,5.252413898706436,0.03923100472066145,0.0074691380910257765,0.39588466284476453
5718,238,18.0,5.107267883088854,0.1047465500558336,0.020509311916586472,0.7251783019552628
5732,239,14.0,5.208005496433803,0.1191913421083522,0.02288617824807766,0.6611190484919851
5749,240,17.0,5.120692449457505,0.05642426053841363,0.011018873149546662,0.7252045838052735
5762,241,13.0,5.218524822821984,0.040751843661481664,0.007809073453720698,0.40052688057319474
5783,242,21.0,5.135353928520566,0.10200771133922747,0.0198638132364549,0.7315426090554822
5797,243,14.0,5.0248244149344305,0.2599059019772055,0.05172437492636188,1.3969380148087762
5822,244,25.0,5.142486667633056,0.17292859527956964,0.03362742705158317,0.8310183227807283
5844,245,22.0,5.157150918787176,0.1539010860465908,0.02984226920448243,0.6537448122081432
5868,246,24.0,5.085797508557637,0.10090719589463956,0.01984097788495269,0.867489934588472
5904,247,36.0,5.20830233891805,0.08379858273477381,0.016089423632073895,0.6061097237785967
5917,248,13.0,5.081214354588435,0.040569982501931404,0.00798430840952339,0.5775371473282576
5930,249,13.0,5.147732954758864,0.16505217325826274,0.032063079943896254,0.9222400519065559
5957,250,27.0,5.179944762477168,0.059275770110114485,0.011443320890118422,0.607866775451435
5972,251,15.0,5.167116260528564,0.07599272063603087,0.014706988735000377,0.7829229524979989
5986,252,14.0,5.055443014417376,0.05172770750773592,0.010232082007494921,0.8387080766260624
6003,253,17.0,5.14949296502506,0.07326393002873956,0.014227406567276089,0.8669434567803845
6015,254,12.0,5.820923487345378,0.22325505976568658,0.0383538901088531,1.3562376704843093
6047,255,32.0,5.800523653626442,0.17343062590073294,0.029899132605433903,1.1718880287371576
6065,256,18.0,5.886229356129964,0.05247415771037964,0.008914732086634146,1.2659331415262487
6076,257,11.0,5.72145904194225,0.03269105313639864,0.0057137616291142905,0.9361496743830767
6110,258,34.0,5.8553237634546615,0.06297562949201083,0.010755277083919094,1.1509200005846865
6165,259,55.0,5.862178247625177,0.12556988676238062,0.021420346065602856,0.9704102328893813
6194,260,29.0,5.85933885903194,0.06203068362520688,0.010586635304355035,1.1166525486342866
6217,261,23.0,5.832179318303647,0.04708663419234776,0.008073591640876265,1.135966444954924
6272,262,55.0,5.881189944527366,0.09072325661717863,0.015426003491283173,0.9757814834116619
6290,263,18.0,5.8123555183410645,0.04805311179951019,0.00826740753346507,1.1485125539410446
6319,264,29.0,5.916988274146771,0.06987986468300507,0.011810039406083111,0.8659868377485666
6337,265,18.0,5.769303772184584,0.1764542433987213,0.030585015171060367,1.4587531743778124
6372,266,35.0,5.828791291373117,0.0989640066814797,0.01697847833871682,1.1302735132564392
6387,267,15.0,5.767683347066243,0.13432412349572195,0.02328909466988102,1.2261385609706243
6400,268,13.0,5.873892894157996,0.037895533538924595,0.006451519328283019,1.131392240524292
6418,269,18.0,5.799224747551812,0.040424276378684204,0.006970634548307449,1.0740129673439596
6441,270,23.0,5.860435237055239,0.0711316708685885,0.0121376088961493,1.1959859323890314
6476,271,35.0,5.789743437085833,0.13160102362099851,0.022730026822611264,1.2072082230022976
6498,272,22.0,5.831688577478582,0.16004199758767937,0.027443508935944574,1.1068456371060826
6540,273,42.0,5.849483660289219,0.10740001033812022,0.01836059669116333,1.1247415429956855
6555,274,15.0,5.851329072316488,0.15329008254090007,0.0261974810588142,1.1362475911776224
6583,275,28.0,5.8429932083402365,0.14305160692722121,0.024482589971699886,1.0262064235284925
6604,276,21.0,5.966442766643706,0.08186252300968913,0.01372049078679743,0.7069485845665137
6622,277,18.0,5.803798198699951,0.04338667435656673,0.007475565633258119,1.2710058353841305
6636,278,14.0,5.7803855282919745,0.04936865553998701,0.00854072021638577,1.1158418873591083
6659,279,23.0,5.940686557603919,0.07255440381582766,0.0122131344773543,0.8091577250186516
6677,280,18.0,5.760827249950832,0.09903063157998582,0.017190349108425537,1.0765763286294208
6695,281,18.0,5.851903491550022,0.22083057370653963,0.0377365371840825,1.3679794561273109
6709,282,14.0,5.897096259253366,0.10273702623543485,0.017421629513716373,0.7990959182207007
6729,283,20.0,5.846458125114441,0.0855459755856288,0.014632102677371746,1.1310969345271586
6744,284,15.0,5.804593563079834,0.10017350488044048,0.017257626014953897,1.1439517512917519
6755,285,11.0,5.870170853354714,0.0788291624555474,0.013428767990713205,0.8579248068430885
6789,286,34.0,5.870017093770644,0.12888215667353548,0.02195601045358237,1.0356293832335401
6815,287,26.0,5.923563150259165,0.05089128471863402,0.008591329817494636,0.8112477805966941
6832,288,17.0,5.870323040906121,0.044917561386907875,0.0076516336620504905,1.0021689347922802
6873,289,41.0,5.791766236468059,0.07787112696064401,0.013445143291579299,1.3325306245284836
6894,290,21.0,5.7628026235671275,0.02939616809835165,0.005101019420331225,1.373333598531428
6907,291,13.0,5.814861701085017,0.06976783839636107,0.011998193935264672,1.1191261774645402
6927,292,20.0,5.820787787437439,0.09186263942109715,0.015781822456980354,1.1862075563520194
6949,293,22.0,5.897098042748191,0.052402348536938585,0.008886124693378477,0.8125123982741074
6963,294,14.0,5.883003881999424,0.0900895145348954,0.015313522877410914,0.8852622430505497
6985,295,22.0,5.88877686587247,0.051433360402422114,0.008734133008247689,1.0245208520950242
7010,296,25.0,5.889788208007812,0.18827990103732697,0.03196717681313902,1.3444870395958424
7021,297,11.0,6.780074769800359,0.1477627475375246,0.021793675225483613,1.3631935124708847
7034,298,13.0,6.212463892423189,0.15810099676843065,0.025449000510289147,1.69321870803833
7051,299,17.0,6.552269290475285,0.11967932779546868,0.01826532495687268,0.9914813819409841
7098,300,47.0,6.504246305912099,0.11206192502854423,0.01722904080780035,1.1146633479833365
7121,301,23.0,6.377996797147005,0.13489616908746493,0.02115024095775753,1.2865942306512885
7135,302,14.0,6.546961716243199,0.2750871942206457,0.04201753517790497,1.2329635497922677
7176,303,41.0,6.381594983542838,0.08109019762802155,0.012706885635509748,1.4819098641959632
7188,304,12.0,6.476260224978129,0.06654767904276129,0.01027563388915337,1.0577092490469415
7235,305,47.0,6.484114423711249,0.06007870551889616,0.009265522104174945,1.2072202019551967
7256,306,21.0,6.441833405267625,0.14960671238287093,0.023224244243965443,1.6676587833845544
7275,307,19.0,6.499917984008789,0.08238556446922822,0.012674862155478672,1.230722249461044
7305,308,30.0,6.413178793589274,0.12031571990212914,0.01876069945568941,1.391751974231253
7369,309,64.0,6.4570572301745415,0.08178704169327547,0.01266630274098789,1.290322822111193
7380,310,11.0,6.456148364327171,0.027266610933694466,0.004223355690577607,0.8977983346716925
7396,311,16.0,6.524300962686539,0.14556748816595014,0.02231158387672067,1.2701500655093696
7413,312,17.0,6.313687072080724,0.14161612383043004,0.022430019450387386,1.6524835980552084
7426,313,13.0,6.316691105182354,0.047961296956392285,0.007592788084420302,1.3530938579485967
7440,314,14.0,6.48704981803894,0.12172552678533224,0.018764389082821985,1.6495483091899328
7469,315,29.0,6.393663044633536,0.11066968796746894,0.017309277513515284,1.4309191563776855
7493,316,24.0,6.425028185049693,0.1408914655301046,0.02192853657170609,1.4367904673563316
7508,317,15.0,6.4435348828633625,0.10455615862243305,0.016226521703250348,1.1037272614737352
7528,318,20.0,6.436389756202698,0.16965715872129292,0.026359056108713065,1.266444219276309
7571,319,43.0,6.4404636649198315,0.06258868598627237,0.009718040383828709,1.307735831151868
7589,320,18.0,6.456336365805732,0.04428823376292448,0.006859654028790279,1.2971262037754059
7623,321,34.0,6.409656987470739,0.11182138177946646,0.01744576691046791,1.5957184806466103
7643,322,20.0,6.540772652626037,0.10546478800373145,0.016124209417581373,1.2368703636340797
7674,323,31.0,6.426341379842451,0.15655245694953576,0.024361055178393563,1.4171289505977784
7686,324,12.0,6.327656189600627,0.052147595626355334,0.008241218243187555,1.3779481615250309
7696,325,10.0,6.543569183349609,0.049673558354335394,0.007591202440517001,1.194075069576502
7723,326,27.0,6.525713567380552,0.12927748088013824,0.01981047429454228,0.958185566002848
7749,327,26.0,6.447921532850999,0.08083477972320072,0.012536563807633525,1.378058854633799
7771,328,22.0,6.370461680672386,0.089754647732729,0.01408919042791505,1.5037205344574018
7804,329,33.0,6.4502527930519795,0.05087051238334781,0.00788659204770145,1.2074507746958372
7827,330,23.0,6.44401446632717,0.10854719855464048,0.016844654698068676,1.3515497216873842
7851,331,24.0,6.519130229949951,0.07602294429187965,0.011661516430921691,1.2177003223526601
7883,332,32.0,6.370638146996498,0.06280643287573011,0.009858734937777126,1.6225794444326311
7922,333,39.0,6.4905332296322555,0.07411793454406676,0.011419390660490645,1.1305007314166198
7953,334,31.0,6.452541243645452,0.04234934347551487,0.0065632038411565456,1.4029122553765774
7984,335,31.0,6.434791349595593,0.15037959033831672,0.02336976945612504,1.3132974275297695
8012,336,28.0,6.567025320870536,0.19972813765547362,0.03041379131289802,1.6636236306013805
8050,337,38.0,7.2573120468541195,0.16814007753795504,0.023168368185413766,1.2078630008710254
8060,338,10.0,7.146438837051392,0.13601151449580307,0.019032068642445863,1.7096152724698186
8080,339,20.0,7.04252405166626,0.04973413296568468,0.007061975592957697,1.7043718622997404
8093,340,13.0,7.234803199768066,0.11010139921222739,0.015218299126057365,2.155743989520348
8111,341,18.0,6.950069215562609,0.15672061832628656,0.022549504683400484,1.7311983875826829
8135,342,24.0,7.0528333981831866,0.20882910944688127,0.029609250305086713,2.012930859811604
8147,343,12.0,7.176510771115621,0.211468039326749,0.02946669294748029,2.2517757379682735
8158,344,11.0,6.928600181232799,0.12713498165778814,0.018349302648773585,2.102925652807409
8169,345,11.0,7.1767028028314765,0.08017217447157637,0.011171171034133594,1.3772883079099385
8189,346,20.0,7.2008223056793215,0.09564152021912334,0.013282027546172113,1.4195293809403666
8223,347,34.0,7.1435399756712075,0.15309384578439159,0.021431089670637265,1.7553600755465382
8249,348,26.0,7.075121567799495,0.1332055743439046,0.018827319512099098,1.7560842578800826
8259,349,10.0,7.13340277671814,0.023607506710257645,0.003309431340020132,1.7120580207556486
8271,350,12.0,6.921296795209249,0.1439766254453867,0.0208019724779096,2.7618178414801755
8287,351,16.0,7.046595364809036,0.12399397152787285,0.017596295105449567,1.9206734565086663
8309,352,22.0,7.010413906790993,0.13184941708190187,0.018807650851282724,1.6627302322198043
8327,353,18.0,7.156094206704034,0.12797002738581065,0.017882663879120634,1.4398722812119458
8347,354,20.0,7.210068535804749,0.044615384243312954,0.006187927898570693,1.0533810212276875
8392,355,45.0,7.13192408879598,0.13393273462927682,0.01877932700372972,1.7461839853475492
8411,356,19.0,7.168283688394647,0.08017034734422418,0.011184036629858675,1.4960132300069457
8426,357,15.0,7.104797395070394,0.024223868622124667,0.0034095087129341933,1.704230103890101
8463,358,37.0,7.161258182010135,0.1309505167270472,0.018285965035586795,1.4049437774748013
8484,359,21.0,7.105577241806757,0.10901336367411314,0.0153419433726955,1.9644406200164841
8506,360,22.0,7.077865405516191,0.14970292572950888,0.02115085794268378,1.8841290284286847
8556,361,50.0,7.140742406845093,0.08085966985243781,0.011323706310274684,1.5870598695427178
8590,362,34.0,7.161327754749971,0.0580032679325308,0.008099513095746575,1.4489867272512877
8623,363,33.0,7.103103449850371,0.12011472115995492,0.016910174828227396,1.6771206178307307
8641,364,18.0,7.185922463734944,0.07014974260995158,0.00976210680869087,0.9014963938130273
8654,365,13.0,7.213043249570406,0.08912680962317265,0.012356339278636776,1.326231841571056
8677,366,23.0,7.106945514678955,0.0784082590092122,0.011032624190978361,1.45010457187891
8717,367,40.0,7.136497390270233,0.22274529935877185,0.031212132111539566,1.7186599073465914
8728,368,11.0,7.058075861497358,0.08631348669820113,0.012229039244116295,1.873635317791592
8763,369,35.0,7.052602808816093,0.08950707703566896,0.012691353740179556,2.271477348463876
8782,370,19.0,7.137185021450645,0.09755357803640254,0.01366835492469475,1.6754297214119058
8801,371,19.0,7.063897208163612,0.10909706396287393,0.015444316465533008,1.826380188821962
8818,372,17.0,7.155978791853961,0.16384294168294566,0.022895951266576835,1.3807629688697702
8834,373,16.0,7.042097866535187,0.05804695873940578,0.008242850332320889,2.315283036790788
8889,374,55.0,7.1518640864979135,0.12054011851881298,0.016854363710068546,1.5599931053139946
8906,375,17.0,7.057577750262092,0.2063548340648909,0.029238761706483173,2.2297396347584093
8939,376,33.0,7.178395777037649,0.139971938159226,0.019499055569904652,1.3559639010451396
8965,377,26.0,7.154202406223003,0.06387454106184468,0.008928254672566171,1.6877762420246234
8977,378,12.0,7.037770072619121,0.04665399976664804,0.006629088373909558,1.9236734782656033
9000,379,23.0,7.1682239822719405,0.10287121767914165,0.01435100492584455,1.4075814508225606
9019,380,19.0,7.647273967140599,0.3535911086593084,0.04623753643175936,1.5398207450236536
9061,381,42.0,7.815567448025658,0.09947796473962014,0.012728181977976523,1.3855762275578898
9081,382,20.0,7.732927942276001,0.03587849103343414,0.004639703266506085,1.7727105891332031
9092,383,11.0,7.537336956370961,0.17711012015536368,0.02349770498261468,1.7543384954333305
9112,384,20.0,7.737478709220886,0.20442883217065183,0.02642060028249648,1.6316742789000274
9130,385,18.0,7.680479447046916,0.04632838403781802,0.00603196510806769,2.1835443120863705
9154,386,24.0,7.739303449789683,0.06856596975806341,0.008859449717006083,1.9042149943610032
9169,387,15.0,7.517556063334147,0.3445457962989475,0.045832155210577354,2.712818396339814
9220,388,51.0,7.69835537555171,0.12053382980135406,0.015657088289810977,2.0152178430820213
9244,389,24.0,7.6638433535893755,0.06859203423746145,0.008950083016158758,2.1321390802040696
9264,390,20.0,7.624720788002014,0.17912384947783763,0.023492512638587433,2.6652846109122037
9307,391,43.0,7.7243727639664055,0.15975304389578576,0.020681684944183588,1.762762393759087
9323,392,16.0,7.781942963600159,0.1012489922207602,0.013010759998415536,1.4232388715608977
9331,393,8.0,7.728904128074646,0.23554142134620853,0.030475396957069575,1.667888040887192
9345,394,14.0,7.670447315488543,0.1203306470555629,0.01568756581022144,1.9927386614893163
9392,395,47.0,7.757886856160265,0.16659782352886665,0.02147463950142263,2.0430202073110464
9423,396,31.0,7.73871801745507,0.05706169727445211,0.007373533593774391,1.942314931461888
9433,397,10.0,7.721575450897217,0.11664712752745593,0.015106648671535288,1.9198547922074796
9446,398,13.0,7.567282786736121,0.22376533765536186,0.029570103822150817,2.139498367332495
9467,399,21.0,7.765539260137649,0.177752627081532,0.022889927038805703,1.849378536433159
9478,400,11.0,7.578690485520796,0.09479520962281644,0.012508125223470222,1.6918829747221686
9502,401,24.0,7.799930572509766,0.10534924419409598,0.013506433578446327,1.7275728743600969
9548,402,46.0,7.742600150730299,0.0729689653323629,0.009424348915329214,2.2535351582843326
9565,403,17.0,7.793041846331428,0.05520088880623682,0.007083355882686889,1.4825493831406622
9586,404,21.0,7.754659312111991,0.12112546875748698,0.015619702153555771,1.685698472052103
9605,405,19.0,7.6933796029341845,0.09667315464139502,0.012565759085191216,2.43222121384583
9615,406,10.0,7.515790319442749,0.07549559326489713,0.010044930746617034,3.2542102932929993
9637,407,22.0,7.756608681245283,0.19369211441853482,0.024971237093198127,1.9282838546416976
9648,408,11.0,7.4771177118474785,0.07664864374408864,0.01025109496706719,2.2719301256266506
9691,409,43.0,7.62767555547315,0.1777728916569054,0.023306299588128986,2.462798274793597
9735,410,44.0,7.761721112511375,0.09202952429739185,0.011856845017150439,1.8431004417890853
9748,411,13.0,7.729647746452918,0.11215359200012169,0.014509534674667186,1.7311936255830984
9771,412,23.0,7.800860674484916,0.040082159119123585,0.005138171387962928,1.4855836601522954
9786,413,15.0,7.794369475046794,0.12017712514033774,0.01541845373446532,1.4800998552391926
9801,414,15.0,7.740961869557698,0.044460956872792404,0.0057435959021631,1.5812985031555096
9815,415,14.0,7.802790641784668,0.17513439709170403,0.022445097546747325,2.1081912240811755
9829,416,14.0,7.7225169113704135,0.07082036321415228,0.00917063232453119,1.5982567037322692
9840,417,11.0,7.677588983015581,0.08150292115291148,0.010615692157161948,2.2428179423917425
9859,418,19.0,7.769881800601357,0.07829019076257941,0.010076110907700046,1.414052176828447
9870,419,11.0,7.6076366684653545,0.27725725531613166,0.036444597369561446,2.1820679875937374
9885,420,15.0,7.702989610036214,0.0876320670799308,0.01137637093080784,2.709087310731411
9899,421,14.0,7.731201171875,0.061830435191920406,0.00799751989598339,1.6949926045324122
9907,422,8.0,7.717273950576782,0.17817005380919962,0.0230871749467807,2.3775415369309485
9920,423,13.0,7.59201299227201,0.14124460724465296,0.01860436848414608,2.1362432401913862
9978,424,58.0,7.627123273652176,0.20674669909498541,0.027106772983359256,2.1186467489741485
10006,425,28.0,7.69909017426627,0.12900707722391153,0.016756145765782774,2.2575761478926455
10021,426,15.0,8.507614135742188,0.1849000431365019,0.021733477821907776,2.4224483450253804
10036,427,15.0,8.268492889404296,0.08857918739585753,0.010712857661082082,2.844832197825114
10049,428,13.0,8.554589711702787,0.09363057676912132,0.010945069246399217,1.8027848261050308
10068,429,19.0,8.307862733539782,0.21939678671193402,0.026408330728215378,2.8295172331364533
10081,430,13.0,8.425610468937801,0.14464626016371468,0.01716745162822011,3.1130977519429646
10103,431,22.0,8.325805794108998,0.09966169494158894,0.011970216145577826,2.507380196994001
10115,432,12.0,8.31809115409851,0.06403617264461141,0.007698421603982946,2.517279480894407
10124,433,9.0,8.452903429667154,0.14330017794798616,0.016952775947379872,2.3767212529977164
10142,434,18.0,8.373587131500244,0.0796038595061509,0.009506542208976664,1.8846983545356326
10162,435,20.0,8.417402124404907,0.06686379024336495,0.007943518588651492,2.3179262874647977
10176,436,14.0,8.532791205814906,0.06651928071888985,0.007795723475989715,1.669654194265604
10201,437,25.0,8.38251564025879,0.06553584452010282,0.007818159527833527,2.399074907004833
10222,438,21.0,8.474237260364351,0.10315187916779517,0.012172408678036015,2.122566552211841
10261,439,39.0,8.368542279952612,0.07734632755848243,0.00924250902618615,2.454264820768283
10276,440,15.0,8.403382873535156,0.0724642072353564,0.008623218568746706,2.584138763944308
10295,441,19.0,8.337235300164474,0.07629224876554298,0.009150785124660919,2.8617177362504758
10309,442,14.0,8.495637961796351,0.1049525658306802,0.012353700369841162,2.425191471087081
10359,443,50.0,8.461425285339356,0.0769184092133821,0.009090479041002037,1.9982220949977636
10374,444,15.0,8.501099650065104,0.12683679588770386,0.014920045771576447,2.267549572388331
10422,445,48.0,8.50850905974706,0.07541703971958408,0.008863719741026645,2.0536544765345752
10440,446,18.0,8.311251481374105,0.08361108330691787,0.010059987174530109,3.3177052636941275
10461,447,21.0,8.30378668648856,0.13131063470384108,0.01581334391904625,2.5329242781514214
10473,448,12.0,8.468761920928955,0.17365321363114616,0.02050514765351885,3.1100954270611205
10487,449,14.0,8.33204528263637,0.040734720050066786,0.004888922067545195,2.173320201358625
10518,450,31.0,8.398192221118558,0.1453974091692504,0.017312941326066107,2.580650117909235
10532,451,14.0,8.361241885593959,0.08330678525812608,0.009963446387271717,2.1732249685696194
10563,452,31.0,8.41906024563697,0.12072200092367272,0.01433913018810321,2.4362115927280916
10582,453,19.0,8.321357476083856,0.052594812046820975,0.006320460597682773,2.251929860758154
10602,454,20.0,8.350920391082763,0.23671405919201205,0.028345864659993506,2.495972703769803
10614,455,12.0,8.486597379048666,0.04926515260454988,0.0058050535926416754,1.5040981608132522
10627,456,13.0,8.45008894113394,0.09490658493042871,0.011231430295181359,2.4742154948986492
10650,457,23.0,8.414361020793086,0.19056782145359877,0.022647925491035923,2.465857671816712
10675,458,25.0,8.45540470123291,0.10549190342400024,0.012476268984335915,2.065864512324333
10695,459,20.0,8.34859857559204,0.12693536570765765,0.015204392037576921,2.4007251925766466
10710,460,15.0,8.58603178660075,0.09739229843767365,0.011343109466431607,2.6181131994351743
10724,461,14.0,8.438961029052734,0.06593871526051051,0.007813605849523881,1.8152214674545186
10744,462,20.0,8.364238166809082,0.23521427770203607,0.02812142277767889,2.6405841851606966
10773,463,29.0,8.418347424474256,0.08324712316614824,0.009888772578348085,2.0514449251109155
10784,464,11.0,8.464716044339267,0.015700057967602977,0.001854764871658312,1.953937317160043
10797,465,13.0,8.425539676959698,0.09179574855491715,0.010894939917728934,2.582083326119643
10818,466,21.0,8.333105632237025,0.08577036556388705,0.010292725107441362,2.5333593242934773
10841,467,23.0,8.372610009234885,0.035294902661877604,0.004215519727175608,2.5932137739399206
10861,468,20.0,8.547094488143921,0.16066443239381112,0.018797549578593795,2.0555517796310596
10871,469,10.0,8.277055835723877,0.043787334467322095,0.005290206486023135,1.66876370459795
10886,470,15.0,8.550302759806316,0.14193523451553416,0.016600024408813956,2.992220871895552
10910,471,24.0,8.271149039268494,0.0671569845572005,0.008119426241549132,2.4265504647046328
10919,472,9.0,8.492584864298502,0.07378183627712992,0.008687794994819212,1.7936167414817545
10938,473,19.0,8.49747431905646,0.11119740396189294,0.013085935865969177,1.8029782328460562
11002,474,64.0,8.385838225483894,0.1402270550471347,0.016721888888936092,1.930197436537128
11021,475,19.0,9.202851295471191,0.21847472709399796,0.023739895395409834,2.636845847751063
11036,476,15.0,9.08530133565267,0.11578058025045986,0.012743724833441907,4.236468947927157
11070,477,34.0,9.204970948836383,0.14935140086181464,0.016225081175372358,2.273770645736744
11121,478,51.0,9.1567871056351,0.14742164088197637,0.016099712615492926,3.143628168047643
11149,479,28.0,9.25988779749189,0.1437224181548326,0.015520967564397584,2.4368509273709997
11164,480,15.0,9.114600944519044,0.04194085956768817,0.004601502558694992,2.8972862352927526
11180,481,16.0,9.174838125705719,0.1698684407321429,0.01851459812203246,2.87869481719099
11197,482,17.0,9.40716979082893,0.08583446134684675,0.009124366122372635,2.205702776034527
11219,483,22.0,9.026140343059193,0.09285360596482732,0.010287188370190666,3.2570764686573637
11229,484,10.0,9.336024475097656,0.15628902357298805,0.01674042564796867,3.5082525558769704
11277,485,48.0,9.15136464436849,0.08994668509921869,0.009828772931102632,3.1192950339366994
11303,486,26.0,9.274242657881517,0.2300136880555492,0.024801344599289406,2.5727706146068297
11315,487,12.0,9.293004989624023,0.07215726873152559,0.007764686321818592,2.192460061982274
11326,488,11.0,9.380214431069113,0.10829117467552787,0.01154463743566951,1.8095694172450087
11336,489,10.0,9.233317279815674,0.07913963400916366,0.008571094397694469,3.0426996767520906
11370,490,34.0,9.19844273959889,0.05136122363851231,0.005583686836186359,3.1269714407184543
11390,491,20.0,9.250186491012574,0.1553955123450267,0.01679917615671944,3.1392951915040612
11410,492,20.0,9.195201635360718,0.16668391877695773,0.01812727174311919,2.132827474270016
11430,493,20.0,9.211986398696899,0.10250726933251844,0.011127596687183432,2.114069352671504
11452,494,22.0,9.141808639873158,0.1626036478404599,0.017786813774600733,2.905962647362189
11473,495,21.0,9.21912247794015,0.11990981796567919,0.013006641169222314,2.8153039775788784
11484,496,11.0,9.31685716455633,0.06970555932831785,0.007481660188319227,2.800936024128036
11499,497,15.0,9.121117846171062,0.13715014701186917,0.015036550269925873,2.0743774433930713
11509,498,10.0,9.359110450744629,0.10551071196317181,0.011273583372955833,3.310837356932461
11550,499,41.0,9.057974652546209,0.11169543306032251,0.01233117085715456,3.5685076182935296
11585,500,35.0,9.137683759416852,0.14764352512706194,0.016157653188085843,3.095843056482928
11603,501,18.0,8.903823958502876,0.17548558756876073,0.019709013608830105,3.6980051745971045
11633,502,30.0,9.237501621246338,0.11882094599652872,0.012862887701501395,2.61496976390481
11643,503,10.0,9.053602027893067,0.11791932882796353,0.01302457612612838,3.854792469739914
11654,504,11.0,9.187124859202992,0.04184970331585148,0.004555255747278704,3.546426701274785
11699,505,45.0,9.182887352837456,0.17212424740799395,0.018744022527381717,3.0949753252996337
11724,506,25.0,9.19923755645752,0.09254146679644262,0.01005968877621624,2.7781816059350968
11738,507,14.0,9.24023791721889,0.1414494666299486,0.015307989674850472,3.392840131052903
11761,508,23.0,9.061806181202764,0.06571210293968137,0.00725154584259266,3.297436648088953
11773,509,12.0,9.224712451299032,0.16689586514813803,0.018092256645315337,3.292008268336455
11819,510,46.0,9.187696311784828,0.16536577614597497,0.01799861146192484,2.8651542433982957
11832,511,13.0,9.204621975238506,0.12406866068366361,0.013478952315198018,3.479240632401063
11860,512,28.0,9.312573262623378,0.25671502839855853,0.027566497589758685,2.5605442843516357
11893,513,33.0,9.167277654012045,0.0670762101901828,0.007316917052340724,3.0909810585506037
11927,514,34.0,9.2321977334864,0.11590192547136798,0.012554099123221375,2.9427312986158274
11941,515,14.0,9.205300876072474,0.13111895322030148,0.014243853078297706,3.2400813783918108
11956,516,15.0,9.076882870992025,0.041894546173832536,0.0046155212939586856,2.8998774300018946
11968,517,12.0,9.382608334223429,0.06255271706760794,0.0066668792769964055,2.5624553145219884
12018,518,50.0,9.27332130432129,0.21806267217866762,0.023515056258975115,3.7394399036467076
12044,519,26.0,9.68821830015916,0.1054616810307387,0.010885559941295517,3.7670118989279637
12066,520,22.0,9.827783801338889,0.16935612831540867,0.01723238237010631,2.4923700570890848
12084,521,18.0,9.672334829966227,0.03189266587733523,0.003297307882531874,2.87228314868278
12107,522,23.0,9.768476444741953,0.2117962172303256,0.02168160187808289,3.218446257767146
12127,523,20.0,9.78086085319519,0.15059099714410637,0.015396497241335525,3.4361978195607663
12139,524,12.0,9.594998757044474,0.12755272092650288,0.013293667269404907,4.21524465456605
12160,525,21.0,9.570466631934757,0.06078559089398388,0.006351371697086783,4.042775222233364
12180,526,20.0,9.817518472671509,0.1008400519845742,0.010271440004444826,2.6093057323247195
12221,527,41.0,9.775467523714392,0.08825648348780275,0.009028364451490486,3.3125602916428227
12233,528,12.0,9.69937014579773,0.07736428775946494,0.007976217692133665,3.095851518213749
12246,529,13.0,9.763924231896034,0.1423874271720013,0.01458301230020416,3.923931784927845
12271,530,25.0,9.499180755615235,0.11058013481294474,0.011641018068592671,4.721371769309044
12282,531,11.0,9.76237626509233,0.05496443468629876,0.005630231123424018,2.7126919837160544
12292,532,10.0,9.872458744049073,0.15598627623732636,0.015800144653058373,2.7312244275584816
12323,533,31.0,9.65814144380631,0.11589816320495126,0.012000048236948927,3.7068856930540455
12338,534,15.0,9.511122512817384,0.1804202014373035,0.01896939096244061,4.36390048066775
12366,535,28.0,9.646574463163104,0.15660698066759693,0.0162344655365098,3.4997399103428637
12393,536,27.0,9.64266946580675,0.11842133394433797,0.012280969949687092,4.128125328156683
12404,537,11.0,9.585685729980469,0.08298493679857352,0.008657172698561087,3.1541815251111984
12417,538,13.0,9.538009863633375,0.2689959370810379,0.028202522426262994,3.9252119946938295
12435,539,18.0,9.54297818077935,0.2843632915989015,0.02979817057233157,4.155753343055646
12460,540,25.0,9.720580596923828,0.15554199975435204,0.016001307556009033,2.606437391191721
12477,541,17.0,9.825184485491585,0.034749267475782775,0.0035367547069569513,2.349323496222496
12489,542,12.0,9.800835768381754,0.07712429918482018,0.00786915534628476,2.682652223855257
12507,543,18.0,9.74162901772393,0.12534786878894144,0.012867238996771833,2.8717953649659953
12518,544,11.0,9.6063476042314,0.14473371389808665,0.015066466451238388,3.337549716234207
12558,545,40.0,9.773698925971985,0.10512938254919006,0.010756355740591328,3.3637099313549697
12569,546,11.0,9.52600366419012,0.07255029704720954,0.007616026573655283,2.9521873620423404
12582,547,13.0,9.966599831214317,0.13360252551610213,0.013405025563249105,2.924775959458202
12622,548,40.0,9.765541291236877,0.14881824786423561,0.01523911920763449,2.6775834218598904
12631,549,9.0,9.703999837239584,0.11424728330258967,0.011773215706801643,4.559986690680186
12646,550,15.0,9.680115763346354,0.024972057479450124,0.002579727153058079,2.967012224594752
12692,551,46.0,9.829799299654754,0.13671310889190716,0.013908026473817106,2.5278095486371415
12702,552,10.0,9.874660873413086,0.13635053805279032,0.01380812362072157,2.4923409204930067
12724,553,22.0,9.661675409837203,0.08628547144429695,0.008930694500090935,3.5597155344757168
12742,554,18.0,9.781434853871664,0.12973646774861597,0.013263541564892598,3.279497768729925
12770,555,28.0,9.645192418779645,0.09391831132771791,0.009737318577994827,3.4157909202788557
12800,556,30.0,9.696057192484538,0.07598585939433623,0.007836779206834016,3.8177952617406845
12814,557,14.0,9.628098692212786,0.06842277517593195,0.007106571854240791,3.6957149569477354
12830,558,16.0,9.675045907497406,0.0952166173140258,0.009841464136127803,3.5078684967011213
12846,559,16.0,9.819430947303772,0.1847339136411768,0.01881309768687779,4.75101724290289
12864,560,18.0,9.498473962148031,0.14509637325329597,0.01527575627743082,3.1171825925509133
12875,561,11.0,9.700499187816273,0.17088097184874496,0.01761568848573996,3.9752649421041664
12887,562,12.0,9.53400731086731,0.12463174448596225,0.013072335736925766,4.046447304387887
12904,563,17.0,9.509300288032083,0.0713591801404561,0.007504146254616136,4.665806388153749
12915,564,11.0,9.513515559109775,0.17747760749597863,0.018655312685754,3.973608435554938
12943,565,28.0,9.801189524786812,0.15277295222122012,0.015587184783526886,2.6551462376623283
12957,566,14.0,9.389782428741455,0.1430848444817701,0.015238355687965421,4.948407941630909
12973,567,16.0,9.511658132076263,0.05246568159670408,0.005515934326925977,4.6639126390218735
13000,568,27.0,9.809365802341038,0.22956899037395376,0.023403041032394403,2.9356542146523243
13018,569,18.0,9.910523467593723,0.2656421882737163,0.026804052191827788,2.3180124824866652
13031,570,13.0,10.255997070899376,0.17316537274668542,0.01688430403690629,2.941597263669022
13050,571,19.0,10.129012760363127,0.14216736881549794,0.014035658970815752,3.2217788135534837
13063,572,13.0,9.955999814547026,0.05384910983706608,0.005408709405396477,4.070775618919959
13083,573,20.0,10.065918493270875,0.05840725544679428,0.005802476493907622,3.072315514087677
13103,574,20.0,10.068109273910522,0.1591161437005912,0.01580397464625346,4.2322787992656234
13126,575,23.0,10.073984892471977,0.05172954639797435,0.0051349636663273615,3.2567542046308517
13144,576,18.0,10.10172626707289,0.15278752158682024,0.015124892275574646,2.829237733864122
13235,577,91.0,9.854912789313348,0.2323778007899293,0.023579894186574583,3.8928607983084826
13262,578,27.0,10.081397551077384,0.1441527870055513,0.014298889243797942,3.188005414963872
13286,579,24.0,10.03734807173411,0.3576097072841418,0.03562790736441594,4.8258177392417565
13303,580,17.0,9.850281490999109,0.18949229546904328,0.019237246736775557,4.341795926584917
13323,581,20.0,10.269511079788208,0.15468400149971295,0.015062450422216505,2.299860159540549
13335,582,12.0,9.8653355439504,0.3146975963342834,0.031899330228788984,4.848546169698238
13356,583,21.0,10.073408490135556,0.14669164290325246,0.014562264902381463,3.200384671134608
13367,584,11.0,9.974025986411355,0.23346907677932774,0.023407706887610555,2.9847619289701637
13405,585,38.0,10.060375063042892,0.11900204175077339,0.01182878779419777,4.123725387806955
13416,586,11.0,10.034211418845437,0.23798688673503088,0.023717547578085044,4.569801992990754
13455,587,39.0,10.219442856617462,0.22363856407924232,0.021883635655776303,2.9649990230025605
13497,588,42.0,10.081584044865199,0.185876110776375,0.018437192999551127,3.5977312634266645
13529,589,32.0,10.186088591814041,0.14650037407785885,0.014382397399880516,3.4424340181285515
13554,590,25.0,10.022209968566894,0.10683691542668365,0.01066001568134783,3.6285630828142166
13568,591,14.0,9.860640117100306,0.26501580246302847,0.026876125618197796,4.5583431007606645
13579,592,11.0,10.086901144547896,0.11962402624919598,0.01185934357192093,3.1739915341816167
13605,593,26.0,9.97984581727248,0.25031612614089915,0.025082163665060636,3.3158989876795273
13657,594,52.0,10.207412554667545,0.14180093011824155,0.0138919563952963,2.9693324990982477
13680,595,23.0,9.970549956611965,0.20530500724801326,0.020591141726526867,4.0316402510456415
13716,596,36.0,10.081813229454887,0.19636850475187204,0.019477498767599116,4.131990485514204
13756,597,40.0,10.169381022453308,0.20205850832593278,0.019869302554383714,3.7800358813256025
13764,598,8.0,9.779902219772339,0.19459099359175494,0.019897028540668243,4.296587597578764
13799,599,35.0,9.863388987949916,0.18243282765020594,0.018495957918022273,4.5968093471867695
13847,600,48.0,10.088411311308542,0.2732817128106805,0.027088676737867242,2.9832398493405585
13857,601,10.0,10.233463382720947,0.09857432428508704,0.00963254771122046,3.5387838621623815
13866,602,9.0,10.053015073140463,0.30665633261675446,0.030503916525110517,2.1380814077953496
13903,603,37.0,10.012943783321896,0.1237413677232318,0.01235814066282307,3.7315647265798337
13923,604,20.0,9.944162273406983,0.109496371246005,0.011011120719421879,4.474416200071573
13945,605,22.0,10.04220455343073,0.144263638386503,0.014365733900253808,2.9184318394823507
14021,606,76.0,10.196860476544028,0.3069014943891872,0.030097645750391182,3.9541854067632047
14060,607,39.0,10.524555524190268,0.2155121893775206,0.02047708227508273,4.188386756258133
14085,608,25.0,10.454949989318848,0.15120485427439775,0.014462513395939154,5.86097641825676
14157,609,72.0,10.549603038363987,0.15039770296269384,0.014256242857268422,4.02466408147787
14172,610,15.0,10.436942863464356,0.24158841582624593,0.023147431099958614,5.6506929963827135
14190,611,18.0,10.402053091261122,0.11646940312051016,0.011196770685429146,4.77461461060577
14242,612,52.0,10.566340024654682,0.11782160930039744,0.01115065472296761,3.6410887288646054
14281,613,39.0,10.617279468438564,0.1290799102508979,0.012157531563015465,3.4696806056472735
14308,614,27.0,10.69861454433865,0.17002876058447888,0.01589259617493673,3.377774597318084
14324,615,16.0,10.480896592140198,0.08205069279090113,0.007828594821976618,4.649037869647145
14337,616,13.0,10.394265835101788,0.21506710611735455,0.020690937631310684,4.393934300312629
14354,617,17.0,10.414815846611472,0.2471464168100998,0.023730272378316753,5.192611198214924
14372,618,18.0,10.700255711873373,0.1099277823047985,0.010273378998112991,3.3681804252167544
14390,619,18.0,10.43643135494656,0.1428140626498065,0.013684185502941756,4.333804330892033
14424,620,34.0,10.746530252344469,0.24299825847193365,0.022611787504057044,3.8721914241939563
14443,621,19.0,10.464626211869088,0.06260143522452451,0.005982195059535075,5.103492553296842
14487,622,44.0,10.519378467039628,0.09386524380970321,0.008923078878073568,3.675072307613763
14517,623,30.0,10.56870969136556,0.18177492333368417,0.017199348704051442,4.0045780705908935
14532,624,15.0,10.746456400553386,0.1209778424345016,0.011257463662930962,4.025605574498574
14546,625,14.0,10.552373545510429,0.10055078933003699,0.009528736724148373,3.438117559467043
14560,626,14.0,10.622946875435966,0.11472324296029339,0.010799568547742092,4.054346106414284
14572,627,12.0,10.454236507415771,0.1689831800402764,0.01616408619801238,4.713001894454162
14636,628,64.0,10.587448447942734,0.23823783375222343,0.022501912044588596,4.879496685345657
14671,629,35.0,10.727774756295341,0.13518428840236013,0.012601335456174676,3.372075442996408
14683,630,12.0,10.42478863398234,0.1337259179013649,0.012827686257872903,4.703126994272073
14710,631,27.0,10.618766396133989,0.16722730325732635,0.01574827969830934,3.987598662575086
14726,632,16.0,10.57399296760559,0.04924771346145248,0.0046574376975970595,3.773547474760562
14796,633,70.0,10.50537270137242,0.20727776356094413,0.01973064349576721,4.369249249263001
14849,634,53.0,10.537751539698187,0.2585827572372459,0.024538703181898328,4.2507146903366415
14886,635,37.0,10.52279299658698,0.12986241377681199,0.012341059433453861,4.040126406663173
14895,636,9.0,10.509660296969944,0.11174199368834964,0.010632312608673578,3.0183906671073704
14905,637,10.0,10.621099376678467,0.22081417836475156,0.02079014333013488,5.357093489170074
14958,638,53.0,10.680694867979806,0.20386155359149719,0.01908691860514282,4.187440674400555
15030,639,72.0,10.491025726000467,0.24008385759519843,0.022884688672546654,4.253727489332151
15042,640,12.0,10.929126501083374,0.04393168888518698,0.004019688936790343,2.4844291247427464
15057,641,15.0,11.174112319946289,0.1529024410443234,0.013683632011769357,3.4597656914343435
15072,642,15.0,10.888689676920572,0.11061427573887035,0.010158639746463336,3.858243163426717
15098,643,26.0,11.063469850100004,0.09630308388609561,0.008704600382241301,3.973884755315689
15116,644,18.0,10.972861342959934,0.12367974704874363,0.011271421663237836,3.234773814264271
15157,645,41.0,10.993933747454387,0.21839462732207804,0.019865012136592752,4.762252212070474
15224,646,67.0,10.922934048211397,0.148155178638077,0.013563679683879172,4.68766662522928
15237,647,13.0,10.919692259568434,0.19663383875306192,0.01800726925987869,3.9442501732936273
15258,648,21.0,10.905204227992467,0.21203212537752916,0.019443205367329654,4.864606356336957
15274,649,16.0,11.008106887340546,0.1013637096605657,0.009208096423658019,4.042569126933813
15300,650,26.0,10.944752436417799,0.14062499437389556,0.012848622679301269,3.9483288053709726
15313,651,13.0,11.01083440047044,0.23100249864190955,0.020979563422735693,4.4587420001626015
15339,652,26.0,10.962384774134708,0.08529647096103973,0.007780831700260441,4.20840589931378
15359,653,20.0,10.887744188308716,0.19564183936221863,0.017968996697433366,4.329835306853056
15460,654,101.0,10.816209084916823,0.32839720474720496,0.030361580676648906,4.483187915123354
15507,655,47.0,10.987619501479129,0.22734991639758093,0.020691462456174023,4.039833525473133
15537,656,30.0,10.757005500793458,0.2598697886807728,0.024158190554202496,5.538665677607059
15570,657,33.0,11.039075100060666,0.20844622085312567,0.018882580194782818,4.276875282440222
15580,658,10.0,10.921976852416993,0.05215760492140046,0.004775472941041637,2.941483999788761
15616,659,36.0,11.173561175664267,0.1133213403766275,0.010141917925275114,3.6003228300768466
15629,660,13.0,10.868378419142504,0.23319439466298666,0.021456227016558492,4.657457113265991
15646,661,17.0,10.839968456941492,0.02812970773510092,0.002594999039604009,4.695743198780453
15659,662,13.0,10.798891727740948,0.36131336466161873,0.033458374597223874,4.208196234244567
15703,663,44.0,11.052096735347401,0.16262891223558626,0.014714756496426408,4.2922223675996065
15722,664,19.0,10.697652365031995,0.17082595592626473,0.01596854619099915,5.9765847795888
15741,665,19.0,11.052840985749897,0.08932624736418646,0.008081745451631138,4.7035541875582
15798,666,57.0,11.065815624437834,0.1985400727041681,0.017941747761069743,4.643974272191133
15825,667,27.0,11.106497835229945,0.2681982870336218,0.02414787190457946,3.368959190668883
15841,668,16.0,10.885477840900421,0.13065302513033047,0.012002507105331002,4.6016089748591185
15863,669,22.0,10.954648408022793,0.14475497114832403,0.013214022555238803,4.5137396983124995
15876,670,13.0,10.955985802870531,0.06227303168964012,0.005683927745992901,2.3075084928423166
15962,671,86.0,10.97020108200783,0.15744397198540275,0.014351967735908305,4.372339387402632
15987,672,25.0,10.99703155517578,0.26492715488770197,0.024090787914763538,4.020314323306084
16015,673,28.0,11.184959990637642,0.19988948886222876,0.01787127437465543,4.116723197911467
16026,674,11.0,11.668765674937855,0.22942476712598367,0.0196614426510202,4.307110225612467
16064,675,38.0,11.545064775567306,0.12157839889429538,0.01053076801713494,4.657563807932954
16100,676,36.0,11.595706118477715,0.21559735185946838,0.01859286098290425,5.094555074969928
16125,677,25.0,11.633211250305175,0.14737559033172268,0.012668521800277336,4.371773046255112
16155,678,30.0,11.722202332814534,0.3273420371678018,0.02792496050434629,3.432777017283176
16164,679,9.0,11.11085753970676,0.34124011065693216,0.030712310857865452,5.638646768199073
16177,680,13.0,11.455547479482798,0.17677910147795955,0.015431746216806819,4.99538698563209
16250,681,73.0,11.686438429845522,0.27552259207079427,0.0235762669460653,4.97724441435086
16283,682,33.0,11.62065820982962,0.17897639187084502,0.015401570947113257,4.498689688290611
16303,683,20.0,11.46205015182495,0.0822751537410211,0.007178048660685847,4.531246747449041
16332,684,29.0,11.764231616053088,0.10648128545638885,0.009051274144508337,3.9224875731201005
16343,685,11.0,11.48826720497825,0.25921999072471424,0.02256388940991776,5.231415153904394
16354,686,11.0,11.390995805913752,0.16175345597415694,0.014200115488602057,4.8914865255355835
16370,687,16.0,11.736346960067749,0.23631610833371605,0.020135405773003143,5.735778116621077
16455,688,85.0,11.608883274302762,0.20613844536782158,0.01775695736592738,4.29066514411859
16471,689,16.0,11.505576848983765,0.294333721107469,0.025581830878255024,4.099204910453409
16505,690,34.0,11.502144140355727,0.13274196028769567,0.01154062744023223,4.985700866097913
16518,691,13.0,11.386583915123573,0.27790023428555477,0.024405935648219287,6.57745212660386
16536,692,18.0,11.507275263468424,0.12800616429204728,0.011123933456117289,5.434431892302301
16559,693,23.0,11.642218962959621,0.1673813287227569,0.014377098494306805,3.8169909997478775
16604,694,45.0,11.546892378065321,0.10232668488632439,0.008861837586769748,5.660859334468841
16637,695,33.0,11.66501894864169,0.17586752522808313,0.015076488602580597,4.199538518533562
16680,696,43.0,11.664372444152832,0.24307743863151327,0.02083930702618847,4.326690627868439
16726,697,46.0,11.77044793833857,0.2900528668773137,0.024642466318767424,3.196388202112006
16815,698,89.0,11.516338316242347,0.24159061435912177,0.020978075471991698,5.287757129990496
16829,699,14.0,11.377873284476143,0.22831012915248927,0.020066151506889545,6.0967684004987985
16885,700,56.0,11.69220769405365,0.16347296902623368,0.013981360347316764,4.725963731828545
16904,701,19.0,11.45810247722425,0.1804222003978608,0.01574625473602576,5.491619373622694
16917,702,13.0,11.461822069608248,0.23945366811209773,0.020891413830879856,5.522715254471852
16933,703,16.0,11.5304594039917,0.11451597727819884,0.009931605781340756,4.088274210691452
16955,704,22.0,11.60838981108232,0.16349313131019447,0.014084049034441498,5.086672835729339
16992,705,37.0,11.611020887220228,0.2032764717226483,0.017507200589604168,5.247037451327275
17010,706,18.0,11.870700783199734,0.1275173639957918,0.010742193432780609,2.396046388958995
17020,707,10.0,12.382832717895507,0.18287641862587792,0.014768544709611342,6.239678750466555
17077,708,57.0,12.329763763829282,0.19049624420479713,0.015450113064099314,5.301974545036884
17104,709,27.0,12.243077242815936,0.12894410500691125,0.010532001264843266,5.146204508013195
17130,710,26.0,12.03315258026123,0.15231146569355142,0.012657652654001737,5.968156118805592
17171,711,41.0,12.170207907513875,0.22259517869451584,0.01829017058591791,5.282959931325622
17190,712,19.0,12.189889656869989,0.1360011242459224,0.01115687902632283,5.372685084609609
17250,713,60.0,12.240450874964397,0.17991425109590498,0.014698335292851562,4.9369797706604
17312,714,62.0,12.187157031028502,0.1482413350454563,0.012163733893641795,4.847356128896917
17397,715,85.0,12.283120705099666,0.2674211730452804,0.02177143573410081,5.779627148368779
17416,716,19.0,12.179048738981548,0.07044691400128555,0.005784270636491152,4.115609559769693
17432,717,16.0,12.346774101257324,0.31572805352495714,0.02557170406906572,4.892989141284488
17470,718,38.0,12.422509745547647,0.30221526936950227,0.024328036408087287,4.357645815973611
17508,719,38.0,12.271178345931204,0.07772636922848716,0.006334059129232618,4.851452707852188
17545,720,37.0,12.295328423783586,0.10612941131483626,0.0086316857636388,5.1750337455321
17574,721,29.0,12.08683520349963,0.1747918588385616,0.014461342104503274,6.2809012157136
17599,722,25.0,12.410044212341308,0.17126005484073661,0.013800116414607542,4.452277902066708
17613,723,14.0,12.10304594039917,0.3020540677736201,0.02495686369043544,4.682807769094195
17687,724,74.0,12.175252953091183,0.221618484341484,0.018202372073527814,5.891253170230098
17721,725,34.0,12.390074842116412,0.1729396292049521,0.013957916429777707,4.975123164079645
17754,726,33.0,12.23851862820712,0.2455330308525944,0.020062316225649586,4.760245586435
17799,727,45.0,12.50127805074056,0.22857310664423966,0.018283979103296506,3.6766289457885755
17840,728,41.0,12.398173983504133,0.15288670776746707,0.012331389119952988,4.817975238794688
17853,729,13.0,12.108289498549242,0.39635245714318307,0.03273397594190923,6.786502120586542
17870,730,17.0,11.914042472839355,0.09248304608805427,0.007762524457915056,4.9614610005827515
17890,731,20.0,12.237348604202271,0.4953602548788539,0.04047937759236086,5.352602583169937
17903,732,13.0,12.165256867041954,0.17552125112556058,0.014428076040143614,5.355352856791937
17960,733,57.0,12.297166456255997,0.21865221586603223,0.017780699045087434,6.049881149540868
17986,734,26.0,12.149497802440937,0.12449633969624796,0.010247035862769208,5.960729972674296
18026,735,40.0,12.623789286613464,0.32005107386125425,0.025353011413192968,5.051827307586791
18061,736,35.0,12.749578203473773,0.11808538170492477,0.009261904968177772,4.2736767853477176
18093,737,32.0,12.643806964159012,0.20789965768558177,0.016442805420464595,5.233265183516778
18105,738,12.0,12.62600557009379,0.2224015317046682,0.017614559923167857,2.2555740885436535
18116,739,11.0,12.828326051885432,0.2652819506938003,0.020679389471458805,4.078601939688352
18179,740,63.0,12.81289415510874,0.19679961184123573,0.015359497195469148,4.889439367644844
18196,741,17.0,12.55802760404699,0.13156918562431627,0.010476898902652226,4.4194233741830375
18314,742,118.0,12.740849567671953,0.13911151280474035,0.010918542917084237,5.459627003006448
18346,743,32.0,12.657930552959442,0.13769303605086577,0.0108780053322913,6.113448339048773
18448,744,102.0,12.81834046980914,0.1855445828042644,0.014474930139457208,5.023797963800676
18459,745,11.0,12.7012337771329,0.3106564380566422,0.02445876073991671,3.634938031435013
18488,746,29.0,12.495590209960938,0.3201935206539824,0.02562452155311064,6.212335467338562
18499,747,11.0,12.457921981811523,0.07052416588018694,0.00566098952804101,4.835839430039579
18519,748,20.0,12.71868085861206,0.2762011556963422,0.021716179434545773,4.203789004310965
18530,749,11.0,12.446233749389648,0.25816124971620835,0.02074211805068086,4.793599873781204
18568,750,38.0,12.81823276218615,0.10662955925867064,0.00831858503718456,5.519326443538854
18585,751,17.0,12.596871432136087,0.14099689973222435,0.011193009350919056,6.602417355074602
18612,752,27.0,12.67367974034062,0.1489526625940497,0.011752913569366115,4.117106742467041
18628,753,16.0,12.59210753440857,0.10999135701536976,0.008734944227152827,4.705527267418802
18653,754,25.0,12.550159225463867,0.34391274799211535,0.02740305854401652,6.598072264194489
18707,755,54.0,12.562685224745008,0.25160354448033834,0.020027847548448406,6.673553770339048
18728,756,21.0,12.678326788402739,0.4276941805485623,0.03373427642989826,4.204880782624795
18752,757,24.0,12.631516456604004,0.11089260636336594,0.008779041435313106,5.322954498231411
18781,758,29.0,12.703079355174097,0.08671189083410476,0.006826052834093813,4.429273971581254
18793,759,12.0,12.467248757680258,0.2929534333675701,0.023497841349086793,5.488727313776811
18826,760,33.0,12.731235561948834,0.20838114666082075,0.016367708039558324,5.696943604133346
18877,761,51.0,12.586611785140692,0.13901372395617384,0.011044570717616676,5.679583745552044
18932,762,55.0,12.538251703435725,0.1925058621329365,0.015353485213587325,5.429688184098764
18966,763,34.0,12.684624307295856,0.24469199598566152,0.019290440935244825,5.022332354941788
18982,764,16.0,12.615800201892853,0.08739393703610494,0.006927339973487572,5.201151569373906
19014,765,32.0,12.54152736067772,0.2499322311798275,0.019928372676796653,6.400346616283059
19087,766,73.0,12.740822596092746,0.25006225572528346,0.019626853277273523,4.576832372204031
19117,767,30.0,12.67546116511027,0.18765652490130136,0.014804709860800463,5.677507094790538
19171,768,54.0,12.711477738839609,0.19442738006385854,0.015295419152549861,4.45810283871402
19269,769,98.0,12.477307981374313,0.15940369141258456,0.012775487440923699,5.61229521142585
19279,770,10.0,12.68490743637085,0.2599953255113009,0.020496430645274424,4.839231053180993
19327,771,48.0,12.580840706825256,0.12329933612661896,0.00980056412762047,4.10767962958198
19346,772,19.0,12.57978293770238,0.461164853150973,0.03665920592070263,5.883749750687888
19367,773,21.0,12.606945719037737,0.16148087087005272,0.012808881268220312,4.662663558725312
19379,774,12.0,12.47097396850586,0.4455683271928804,0.03572843053943635,6.155084359149138
19442,775,63.0,12.703075257558671,0.16302711621996968,0.01283367317870247,5.069377073515502
19479,776,37.0,12.755822310576567,0.12201747953407927,0.009565630232470998,4.598415340724829
19542,777,63.0,12.696688137357198,0.13539595283828493,0.010663879538783998,5.040454204238596
19595,778,53.0,12.76888660214982,0.3564364278243685,0.02791444852868828,5.4974178151701985
19669,779,74.0,12.66607583535684,0.1661458957775711,0.013117393100851452,4.742055490701082
19698,780,29.0,12.569904524704505,0.29586570782491123,0.023537625702997653,6.806770742453378
19711,781,13.0,12.411162523122934,0.16058149594484092,0.01293847338197896,4.163051588030962
19821,782,110.0,12.730456759712913,0.19113872196515427,0.015014286256408028,5.072024856541645
19921,783,100.0,12.664909772872925,0.19529732219408086,0.015420348482260001,4.9089102004515
19964,784,43.0,12.645962670791981,0.29337844424402293,0.023199376107730475,4.576654465067699
19979,785,15.0,12.390510559082031,0.34766103855719815,0.028058653184583147,6.308315059045951
20019,786,40.0,12.711485815048217,0.183319028839638,0.014421526445210655,5.600305006653071
20155,787,136.0,13.196854507221895,0.27819460813643104,0.021080372446645585,5.892048979191767
20204,788,49.0,13.094245910644531,0.2653065100960953,0.02026130499660337,6.460400606144447
20275,789,71.0,12.984623532899668,0.21272484180869364,0.01638282706230982,4.840129331200266
20372,790,97.0,13.034843159705094,0.1964221315018176,0.015069006131889778,5.566030908491194
20479,791,107.0,13.21169249810905,0.1545376910165987,0.011697039651711332,5.2911906999962355
20506,792,27.0,13.23056810873526,0.31161650773810573,0.023552768496189227,5.904314989017116
20582,793,76.0,13.19848895072937,0.20450815913792825,0.015494816103674262,5.02269980808916
20653,794,71.0,13.287285468947719,0.19039126479162108,0.014328830763556934,5.784676641335672
20664,795,11.0,12.75560188293457,0.2833731514131139,0.022215584494858876,5.541100961240855
20688,796,24.0,13.138479034105936,0.24742140361715453,0.01883181477664788,3.573467602332433
20705,797,17.0,13.157969138201546,0.3395609261093916,0.025806484461461762,7.433102829162689
20817,798,112.0,13.180071013314384,0.17899947156042795,0.013581070343217753,5.371219727680519
20839,799,22.0,13.129501646215266,0.2066699082846959,0.015740879879037217,5.735813770104539
20889,800,50.0,13.144320030212402,0.20284284701461433,0.015431977199914277,3.815833626983222
20902,801,13.0,13.034817328819862,0.10028985960564858,0.007693998088021427,5.426279859474072
21003,802,101.0,13.134214420129757,0.21215281126449517,0.016152683706712263,4.826149526817521
21096,803,93.0,13.71562756774246,0.16813494253608482,0.01225864013189731,5.400424066390241
21112,804,16.0,13.751525700092316,0.10685419863942099,0.007770352248165719,7.12680290825665
21133,805,21.0,13.611783618018741,0.3230221873129335,0.02373106981257985,6.001925000832195
21155,806,22.0,13.781610662286932,0.193134475430671,0.014013926250229892,6.23254881574857
21182,807,27.0,13.670913060506185,0.11559807592127908,0.008455768492539801,5.599752664290093
21258,808,76.0,13.793900477258783,0.209475740571049,0.015186113667878039,5.634419426812153
21281,809,23.0,13.875149851259978,0.12944411572706568,0.009329204881726815,5.4474151633355925
21321,810,40.0,13.771830916404724,0.11030709108004924,0.008009617003695107,7.096523202955723
21361,811,40.0,13.928446555137635,0.2395710607777061,0.017200127798123913,5.283643221878447
21382,812,21.0,13.936534472874232,0.2030210463355047,0.01456754164607137,5.245149677175851
21397,813,15.0,13.93878568013509,0.13237311877682395,0.009496746833942355,5.582737832268079
21417,814,20.0,13.963282775878906,0.10829115097958086,0.007755422039196265,3.9819201291538775
21450,815,33.0,13.778653000340316,0.24856012764238103,0.018039508479982903,5.407252583991397
21464,816,14.0,13.808042458125524,0.09981436375666164,0.007228712111753724,3.7735362287078584
21547,817,83.0,14.037052602653043,0.1393207702040299,0.00992521536734128,5.317813372611158
21637,818,90.0,13.730890708499485,0.22306543554157685,0.016245518246205126,4.815084746800777
21687,819,50.0,13.87755018234253,0.2026095869576813,0.014599809353633395,5.259898553267122
21796,820,109.0,14.091965500367891,0.15962766810485537,0.011327565916953747,4.899116848061425
21875,821,79.0,13.886155357843712,0.19913178672969445,0.014340311021885058,5.255464221209382
21910,822,35.0,13.83181779044015,0.203253123587679,0.014694606787558843,5.525358711821692
21949,823,39.0,13.82226185920911,0.07601426481115436,0.005499408532801721,5.49178803845858
22026,824,77.0,14.069657362900772,0.335279203228379,0.023829947992369146,5.187306884951382
22057,825,31.0,14.493902637112525,0.16305412880034031,0.011249842977613927,5.0368514160114914
22092,826,35.0,14.38498638698033,0.23007085189019705,0.01599381783902356,6.3480098563379475
22121,827,29.0,14.405646850322855,0.13238648922704838,0.009189902446073178,4.99664705092537
22170,828,49.0,14.319803490930674,0.20930382994809174,0.014616389818523177,6.181665178388357
22217,829,47.0,14.563141153213826,0.2499660303193896,0.017164293588147125,5.027583420935503
22303,830,86.0,14.430087965588237,0.2048720660115809,0.01419756182361078,5.273879197664385
22325,831,22.0,14.413405678488992,0.09408880717475426,0.006527867824824724,6.722631353546273
22335,832,10.0,14.103807258605958,0.30017257981394957,0.021283088623519596,5.7093899011611935
22375,833,40.0,14.290212297439576,0.41846016529111596,0.029282991503638674,5.336691147717647
22472,834,97.0,14.290917514525738,0.27198273743923834,0.019031859722287707,5.218427622766407
22570,835,98.0,14.300446928763876,0.1621620225234202,0.011339647168456533,6.23359931868558
22632,836,62.0,14.41878875609367,0.14623414413303135,0.010141915982452399,5.194879655395785
22655,837,23.0,14.348535496255625,0.24534653306837412,0.017099064439879557,6.231522351503372
22674,838,19.0,14.34296030747263,0.07946984562149242,0.005540686435567204,7.747959761243117
22712,839,38.0,14.479632478011283,0.24865404361646123,0.01717267644700695,5.135450308554266
22767,840,55.0,14.352170059897682,0.20441391633631276,0.01424271838218241,4.828194281683219
22828,841,61.0,14.681812114402897,0.26898158419569634,0.018320734668156168,4.653347729434275
22944,842,116.0,14.654229772501978,0.17335748862312433,0.011829860136929346,5.069666913405446
23005,843,61.0,14.59882848770892,0.3084138278717248,0.02112592994235019,5.124839475618859
23082,844,77.0,15.14486920988405,0.22544534112824965,0.014885921958382873,6.248248768664969
23099,845,17.0,15.302390154670267,0.15437487207584366,0.010088284935587574,6.091259329634554
23139,846,40.0,15.20213451385498,0.17632381994109855,0.011598622534250033,7.2020455009303985
23159,847,20.0,15.098748826980591,0.42316913061667727,0.02802676801010813,4.847298593446612
23171,848,12.0,14.680351257324219,0.6166313359639264,0.04200385434621538,5.898737758398056
23240,849,69.0,15.526018115057461,0.18552954858383933,0.01194958985677782,5.789031790117261
23266,850,26.0,15.024746381319487,0.38206119230303653,0.025428794776733103,7.350925540981384
23293,851,27.0,15.025432304099754,0.21701994115312412,0.014443507298882129,5.718181439295963
23314,852,21.0,15.428794770013718,0.31333583876686927,0.02030851038188971,4.66012932084656
23389,853,75.0,15.407772649129232,0.1833390387235114,0.011899126687456203,5.673237987974038
23469,854,80.0,15.282821929454803,0.24405949810541006,0.015969530969606512,5.0141770041635025
23545,855,76.0,15.364887726934333,0.43467713478284187,0.028290290336509375,5.464685925089533
23645,856,100.0,15.278574466705322,0.22012545985234253,0.014407460613032603,4.821187307679211
23669,857,24.0,15.216060082117716,0.11917838319359975,0.007832407505649973,5.618795815855265
23760,858,91.0,15.399716534457363,0.21840451952386325,0.014182372710249315,6.096468553694149
23797,859,37.0,15.281607473218763,0.10455395076555951,0.006841816278084083,5.230028075644293
23966,860,169.0,15.390701316517486,0.1862906628740105,0.012104104877539344,6.1642039911545945
24039,861,73.0,15.83097540189142,0.3880782381678456,0.024513855167855265,5.359763618571403
24124,862,85.0,16.269829851038317,0.19874279111398838,0.012215419149039527,5.562378765272853
24155,863,31.0,15.844064189541724,0.15403148655830412,0.009721715635308806,7.276616207534267
24180,864,25.0,15.83148509979248,0.20488894736265503,0.012941865281188352,5.990358190536499
24272,865,92.0,16.195269729780115,0.21323921919284985,0.013166759353241412,6.401151242812731
24316,866,44.0,15.958501642400568,0.4035114845577526,0.02528504828333333,6.423186094119129
24378,867,62.0,16.055798253705426,0.2158678544956292,0.013444853446997584,5.4988975511683575
24499,868,121.0,16.19945052438531,0.20546691952083868,0.012683573384884001,5.427635909427604
24604,869,105.0,15.917170143127441,0.35062915569623987,0.022028360100657157,6.134190689920936
24702,870,98.0,16.182012139534464,0.17944844954014472,0.011089378007678792,5.428443239507033
24748,871,46.0,16.0829903975777,0.15220785731650138,0.009463902766454788,4.844705431843582
24874,872,126.0,16.132980876498753,0.16636465952305973,0.010312084344276795,5.185931564070328
24911,873,37.0,15.999194815352157,0.17511484808112324,0.010945228813208172,4.861360888550612
24945,874,34.0,15.948179918176988,0.4044030406883855,0.02535731618047937,4.873481922289905
25128,875,183.0,16.610782779631066,0.3676372655388456,0.02213244676160957,5.909313998134206
25167,876,39.0,16.653242795895306,0.2590154500749292,0.01555345425809629,6.043047852491816
25296,877,129.0,16.920523576958235,0.1863058157279032,0.011010641300816944,5.731946793494949
25434,878,138.0,16.90551263007565,0.203667210465953,0.012047384478813148,5.391092644784637
25608,879,174.0,16.767955801952844,0.239927278380418,0.014308677886214096,6.022698842229899
25647,880,39.0,16.870810973338592,0.2716873792883794,0.01610399047904303,5.876535925345543
25687,881,40.0,16.859120464324953,0.19990641494025,0.011857464057111734,5.567415472952416
25744,882,57.0,16.939537282575643,0.19733798801082464,0.011649550086224054,4.201081216941882
25884,883,140.0,16.911414173671176,0.2862428511233058,0.016926015067914774,5.296195009396511
26005,884,121.0,16.897830884318708,0.16766855698921931,0.00992248994187868,6.870592399231882
26023,885,18.0,17.617612732781303,0.13829719515849367,0.007849939560832917,5.314006967832231
26039,886,16.0,17.444928288459778,0.4479083237455472,0.025675561191148537,6.498099414078752
26055,887,16.0,17.256883144378662,0.10628651283518431,0.006159079362474942,5.4167384542524815
26144,888,89.0,17.48070772578207,0.2851945944672868,0.016314819682423782,6.969181376411266
26286,889,142.0,17.685688609808263,0.2199722968721734,0.012437870061230157,5.4491438768586
26340,890,54.0,17.544255645186812,0.40366261852548296,0.0230082499188973,5.28680464460868
26355,891,15.0,17.40223833719889,0.2636476892624217,0.015150217124589681,6.360626569390297
26435,892,80.0,17.6551872253418,0.15930897533340807,0.009023352360984317,5.946036055777222
26533,893,98.0,17.664524993117976,0.2403867427874837,0.013608446470037398,4.908305488087294
26569,894,36.0,17.789819982316757,0.1286385661079104,0.007231021237751608,2.2047985881250094
26626,895,57.0,17.60350953486928,0.29474511958899585,0.016743543042093998,4.446144411759042
26848,896,222.0,17.48991888063448,0.20453924094518516,0.011694693516941293,5.124576463157978
26873,897,25.0,17.575522689819337,0.2121292664430157,0.012069585080726622,5.592001704610884
26912,898,39.0,17.648286721645256,0.2177033728169588,0.012335666132959533,4.239703033853752
26967,899,55.0,17.565448344837534,0.14179287956580228,0.008072260769106701,5.671415073068982
27068,900,101.0,18.138554318116444,0.4978967328508659,0.027449637061404394,5.671566540424915
27180,901,112.0,18.38484195300511,0.2095843709217437,0.01139984621339026,5.884756559908316
27231,902,51.0,18.48503823373832,0.10718689783472993,0.005798575933648637,3.76487885835334
27321,903,90.0,18.398745918273924,0.4180650929114036,0.022722477649749745,5.23681332969055
27365,904,44.0,18.348704858259723,0.42338751134499647,0.02307451749949574,5.385466246204239
27518,905,153.0,18.448045805388805,0.255654922215583,0.013858103178652364,6.243616982283272
27642,906,124.0,18.221007916235155,0.22022878918273883,0.012086531666917949,5.560599608341187
27696,907,54.0,18.37559329138862,0.452868764166673,0.024645123397398088,7.272882837776302
27766,908,70.0,18.419959313528878,0.23611724642542692,0.012818554178456098,5.196033358608006
27926,909,160.0,18.443715834617613,0.24350520949649207,0.013202611213487099,5.522559396814176
28235,910,309.0,18.890144181483,0.4137847147801847,0.021904793886422306,6.022803785949252
28275,911,40.0,19.12042260169983,0.28518998406745677,0.014915464475251872,4.966590188659029
28409,912,134.0,19.20752556644269,0.21202859708666305,0.01103882935640062,5.168139729793045
28553,913,144.0,19.25403360525767,0.21162571470044747,0.010991240538951752,6.981975288004226
28696,914,143.0,19.254753366216914,0.22632682873617363,0.011754335380544077,5.259792907359698
28721,915,25.0,19.19385238647461,0.3819893752604362,0.01990165223577596,6.678162287957966
28772,916,51.0,19.07913615656834,0.23527080901513625,0.01233131348738449,6.522727483495449
28849,917,77.0,19.106369712136008,0.26802247263002793,0.01402791198266121,5.459228669420224
29007,918,158.0,19.10662022119836,0.17405642992009712,0.009109744575703948,5.327636580584906
29149,919,142.0,20.037269081867915,0.29714938002234315,0.014829834285713064,6.511069247618803
29355,920,206.0,20.05867796962701,0.32865307685841993,0.016384583139330954,5.357868424951589
29525,921,170.0,20.073151577220244,0.18408763944074882,0.009170838905518867,5.516233985073289
29571,922,46.0,20.070759731790293,0.1673506652847376,0.008338033413835804,4.233371234056034
29995,923,424.0,20.033648918259818,0.20674795852915548,0.01032003502570685,5.238962826359263
30138,924,143.0,20.5175196640975,0.2830111774854422,0.013793635006509495,6.585197339612678
30256,925,118.0,20.538440494214075,0.23721277134694574,0.01154969733041666,5.642098275547003
30395,926,139.0,20.662500422635524,0.2998947278668293,0.014513961124390259,6.072430978993979
30606,927,211.0,20.67838058652471,0.21200509625415642,0.010252499965703883,5.292011444007766
30620,928,14.0,20.16085297720773,0.34791241430717673,0.017256830090497614,8.637956389359065
30753,929,133.0,20.74118823574898,0.21944933275116243,0.010580364550808387,4.527291341075547
30764,930,11.0,20.122024189342152,0.5514450174621672,0.027405046941263795,7.736077055165714
30821,931,57.0,20.652218065763776,0.25750364022013034,0.012468570659100637,3.893898368192216
30846,932,25.0,20.520249786376954,0.40793792781541705,0.019879773982392754,7.2575204704329375
31005,933,159.0,20.738994538409155,0.1785971087959016,0.008611657062985147,5.139225941859024
31131,934,126.0,21.330018800402446,0.2553358506203142,0.011970727874627878,5.025534364158317
31167,935,36.0,21.344257566663956,0.13283548906460615,0.006223476672811157,3.6042925878282404
31315,936,148.0,21.19784603892146,0.37852579653670265,0.017856804688631562,4.572699751831179
31454,937,139.0,21.318213469690555,0.23207099690809807,0.0108860433937416,4.766095553896233
31615,938,161.0,21.306215227020452,0.25385069606655086,0.011914396497066193,4.750508248380469
31655,939,40.0,21.169499540328978,0.2816909414803432,0.013306452566047088,4.514999859745148
31708,940,53.0,21.248221307430626,0.242422440096121,0.011409069803473124,5.151851925048933
31831,941,123.0,21.281529155203966,0.2811680531781412,0.013211835067283559,5.160595463107082
32007,942,176.0,21.31721457568082,0.1595364047820008,0.0074839235780834,5.822863266417037
32122,943,115.0,21.844382111922556,0.21305559162532983,0.009753335687579148,5.474651232937796
32345,944,223.0,21.873624895720205,0.20149270774426303,0.009211674274604897,5.289949541747692
32548,945,203.0,21.862113417075772,0.21509862094190949,0.009838875905469554,4.3129569483173125
32891,946,343.0,21.887611511497386,0.30152949318435246,0.013776263025591507,4.1125133503693405
33101,947,210.0,22.22004977634975,0.39895217559317975,0.017954603144850315,5.687088758918911
33360,948,259.0,22.62294287663169,0.22115626255512683,0.009775751269900858,4.295506908970707
33571,949,211.0,22.627247534656977,0.19359912527563392,0.008556017473141981,3.933771748925003
33661,950,90.0,22.74443857404921,0.1928943312327824,0.008480944939782757,2.6334407140801583
33759,951,98.0,22.743661997269612,0.15426684883986136,0.006782850046680309,3.7699950881099222
34133,952,374.0,22.866216052662242,0.23792784218108842,0.010405212722259187,4.070205025523133
34341,953,208.0,23.085337492135857,0.28564745668506336,0.012373544756812445,4.905287717956946
34571,954,230.0,23.14142419566279,0.31147928624232707,0.013459814902001802,3.0850177487324286
34767,955,196.0,23.121020618750123,0.3258381136630317,0.014092721901679005,4.086804912466115
34973,956,206.0,23.12801864772167,0.21427901569429972,0.009264910192184068,4.7960833887740835
35108,957,135.0,23.635065106992368,0.3934925899565418,0.016648678062669186,4.374848366313596
35411,958,303.0,23.940343976414244,0.2843277766819305,0.01187651175614047,4.809815607592406
35464,959,53.0,24.02651635655817,0.1709086195414318,0.007113333327441844,3.4366948226673246
35766,960,302.0,23.935591754534386,0.269190634011272,0.011246458277359123,4.335074804709579
35854,961,88.0,24.008794242685493,0.22450541840075014,0.009350965989020788,5.1222799013379365
36099,962,245.0,24.232587238233915,0.3321806769896309,0.01370801531524128,4.734326870324641
36373,963,274.0,24.72841512025708,0.21866962113342275,0.008842848199935485,4.531695449826445
36662,964,289.0,24.75746928284325,0.251889760212238,0.010174293557007292,3.937386451377477
36868,965,206.0,24.76668197668872,0.14778645704870635,0.005967148009079626,3.6213143936494587
37067,966,199.0,25.062291514334365,0.3500855519644798,0.013968617026270266,4.587250791147852
37344,967,277.0,25.592534247718564,0.2600605999001556,0.010161580614992774,3.291209593450563
37516,968,172.0,25.476450698320257,0.39312550797941326,0.015430937089102969,4.425471332547056
37798,969,282.0,25.587033569390048,0.15775029833522292,0.006165243732041714,3.770023889913957
38081,970,283.0,25.740403866178156,0.25289303111423433,0.00982474993123653,3.8940867509981065
38287,971,206.0,26.30970573425293,0.3032728917837059,0.011527034731858335,4.197009875387116
38471,972,184.0,26.307690444199935,0.305860256302129,0.011626267875961042,3.7191711605696383
38647,973,176.0,26.29566099426963,0.3119689638754324,0.011863895109669115,4.1288226444801035
38846,974,199.0,26.263170338156236,0.35111414600000584,0.01336906936516695,3.9515263443757447
39039,975,193.0,26.392264687335555,0.19304442195207114,0.007314431870058668,3.809308191019604
39173,976,134.0,26.7854299829967,0.38408528077057474,0.014339336012690137,4.551515724242373
39313,977,140.0,26.844410119737898,0.31200569784232246,0.011622743671797576,3.0181989063764507
39438,978,125.0,26.79950309753418,0.3198779121243687,0.011935964296061917,3.708669192917179
39560,979,122.0,26.75372503624588,0.3624613779868618,0.013548071436624247,5.530753352088648
39693,980,133.0,26.814711491864426,0.36243466695559406,0.013516262036440579,3.481981031997768
39821,981,128.0,26.816390991210938,0.33862323311495524,0.012627472251054919,2.643715797558343
39946,982,125.0,26.773674530029297,0.34096952578872575,0.012735253258057464,5.209452245822875
